sent_id,teks,token_id,token,lemma,upos,xpos,feats,head,deprel,misc,tipe_afiks
train-s141,Siapa yang berani mencuri binatang buas ini?,2,yang,yang,PRON,S--,{'PronType': 'Rel'},4,nsubj,{'MorphInd': '^yang<s>_S--$'},Tidak Berimbuhan
train-s2854,"Razi diketahui sebagai seorang ilmuwan yang menemukan penyakit ""alergi asma"", dan ilmuwan pertama yang menulis tentang alergi dan imunologi.",5,ilmuwan,ilmuwan,NOUN,NSM,"{'Gender': 'Masc', 'Number': 'Sing'}",2,obl,{'MorphInd': '^ilmu<n>+wan_NSM$'},Sufiks
train-s846,Bintil akan muncul di seluruh atau hanya sebagian jalur saraf yang terkait.,5,seluruh,seluruh,DET,B--,{'PronType': 'Tot'},9,det,{'MorphInd': '^seluruh<b>_B--$'},Tidak Berimbuhan
train-s3281,Nominasi Piala Citra FFI 2008 - Pemeran Utama Pria (Aming),3,Citra,citra,PROPN,NSD,{'Number': 'Sing'},2,flat,{'MorphInd': '^citra<n>_NSD$'},Tidak Berimbuhan
train-s3877,"Ketika Craig Mabbitt berusaha untuk kembali ke Blessthefall, anggota band memutuskan untuk tidak membiarkan dia kembali, mereka lebih memilih untuk melanjutkan tanpa dia, mereka menolaknya karena dia adalah seorang pecandu alkohol.",8,Blessthefall,blessthefall,PROPN,X--,_,6,obl,"{'SpaceAfter': 'No', 'MorphInd': '^blessthefall<x>_X--$'}",Tidak Berimbuhan
train-s1265,"Film ini dibintangi antara lain oleh Sharon Jessica, Muhammad Fardhan, Aditya Firmansyah, Kimberly Ryder, Sarah Sechan, Lula Kamal, dan Alex Komang dengan yang dirilis pada tanggal Jumat, 26 September 2008 pada saat libur Lebaran dengan lagu tema berjudul I Just Wanna Say I Love You yang dinyanyikan vokal oleh Potret.",45,berjudul,berjudul,VERB,VSA,"{'Number': 'Sing', 'Voice': 'Act'}",43,acl,{'MorphInd': '^ber+judul<n>_VSA$'},Prefiks
train-s3850,"Istana Seri Menanti di Kuala Pilah, Negeri Sembilan Malaysia adalah sebuah istana yang dirujuk lazimnya dalam konteks ini adalah sebuah bangunan lama yang masih utuh, dan dibuat dari kayu yang menjadi kediaman resmi Yang di - Pertuan Besar Negeri Sembilan sekitar tahun 1900 - an sampai sekarang, bangunan ini bisa dikategorikan suatu warisan sejarah, istana itu telah berubah fungsi menjadi museum.",15,dirujuk,dirujuk,VERB,VSP,"{'Number': 'Sing', 'Voice': 'Pass'}",13,acl,{'MorphInd': '^di+rujuk<v>_VSP$'},Prefiks
train-s494,"Balai ini tak hanya akan berfungsi sebagai monumen saja tetapi juga sebagai tempat sanggar budaya, pameran seni, ruang pendidikan, akademis, dan tempat berekreasi.",4,hanya,hanya,ADV,D--,_,6,advmod,{'MorphInd': '^hanya<d>_D--$'},Tidak Berimbuhan
train-s2092,"Pada bulan November 1948, Wakil Presiden Mohammad Hatta mengadakan perjalanan keliling Sumatra dengan rute Maguwo - Jambi - Payakumbuh - Kutaraja - Payakumbuh - Maguwo.",6,Wakil,wakil,PROPN,NSD,{'Number': 'Sing'},10,nsubj,{'MorphInd': '^wakil<n>_NSD$'},Tidak Berimbuhan
train-s533,"Pengalaman - pengalamannya ini dicatatnya dalam bukunya yang terbit pada 1981, Prisoner Without a Name, Cell Without a Number (Penjara yang Tak Bernama, dan Sel yang Tak Bernomor).",5,dicatatnya,dicatat,NOUN,VSP+PS3,"{'Number': 'Sing', 'Number[psor]': 'Sing', 'Person[psor]': '3', 'Voice': 'Pass'}",0,root,{'MorphInd': '^di+catat<v>_VSP+dia<p>_PS3$'},Prefiks
train-s2468,"Mereka adalah Abdullah bin Zubair, Abdullah bin Abbas, Abdullah bin Umar, dan Abdullah bin Amr bin Ash. Selain itu, terdapat satu orang lagi bernama Abdullah yang juga disebut ""berotak cemerlang"" yaitu Abdullah bin Mas 'ud.",5,Zubair,zubair,PROPN,X--,_,4,flat,"{'SpaceAfter': 'No', 'MorphInd': '^zubair<x>_X--$'}",Tidak Berimbuhan
train-s2237,"Peneliti C. Salmon dan M. Sidharta lebih meyakini kisah terjadi tidak sampai 50 tahun kemudian, berdasarkan perkiraan bahwa tahun kedatangan Tan Cin Jin di Blambangan adalah setelah Tahun 1729 (tahun penguasaan Mengwi atas Blambangan) dan tahun kehancuran Blambangan (berdasarkan tulisan ini) adalah di Tahun 1765.",17,kemudian,kemudian,DET,S--,{'PronType': 'Rel'},16,amod,"{'SpaceAfter': 'No', 'MorphInd': '^kemudian<s>_S--$'}",Tidak Berimbuhan
train-s626,"Rock telah dikritik oleh beberapa tokoh agama Kristen, yang telah dikutuk sebagai tidak bermoral, anti - Kristen dan bahkan setan. Namun, Christian rock mulai berkembang pada akhir 1960 - an, terutama muncul pada awal gerakan Yesus di California Selatan, dan muncul sebagai sub - genre pada 1970 - an dengan artis seperti Larry Norman, yang biasanya dianggap sebagai ""bintang"" besar pertama dari Christian rock. Genre ini sangat populer di Amerika Serikat.",70,pertama,pertama,NUM,CO-,{'NumType': 'Card'},67,amod,{'MorphInd': '^pertama<c>_CO-$'},Tidak Berimbuhan
train-s1873,player harus melakukan misi tersebut dan mendapatkan harta karun untuk upgrade senjata.,1,player,player,NOUN,F--,_,3,nsubj,{'MorphInd': '^player<f>_F--$'},Tidak Berimbuhan
train-s1774,"Namun, di Yunani sekarang ibadah dirayakan dalam bahasa Yunani yang dimengerti umat, bukan bahasa Yunani abad pertama.",18,abad,abad,NOUN,NSD,{'Number': 'Sing'},16,compound,{'MorphInd': '^abad<n>_NSD$'},Tidak Berimbuhan
train-s676,Saat ini Pak Har juga sudah menikah dengan ibu Vincentia Dyah Budiastuti dan dikaruniai 2 orang anak yaitu Arlandianto P dan Febriandianto P. Beliau dikukuhkan sebagai guru besar dari Universitas Binus pada tahun 2009 dan merupakan profesor ke - 2 yang berhasil dikukuhkan di Universitas Bina Nusantara.,28,guru,guru,NOUN,NSD,{'Number': 'Sing'},26,obl,{'MorphInd': '^guru<n>_NSD$'},Tidak Berimbuhan
train-s1211,Pada 23 September 1754 akhirnya tercapai nota kesepahaman bahwa Pangeran Mangkubumi akan memakai gelar Sultan dan mendapatkan setengah Kerajaan.,1,Pada,pada,ADP,R--,_,3,case,{'MorphInd': '^pada<r>_R--$'},Tidak Berimbuhan
train-s185,"Pihak berwenang menemukan dua pistol 9mm dari tempat kejadian: satu Glock dan satu Sauer SIG. Sebuah senapan dengan kaliber 223 yang diproduksi oleh BBushmaster Firearms International ditemukan di belakang sebuah mobil di tempat parkir, namun tidak digunakan di sekolah.",9,kejadian,kejadian,NOUN,NSD,{'Number': 'Sing'},8,compound,"{'SpaceAfter': 'No', 'MorphInd': '^ke+jadi<a>+an_NSD$'}",Konfiks
train-s1670,"Rasulullah SAW bersabda: ""Orang yang ditanya tidak lebih tahu daripada yang menanya.",12,daripada,daripada,ADP,S--,_,11,case,{'MorphInd': '^daripada<s>_S--$'},Tidak Berimbuhan
train-s384,"Segera setelahnya terjadi 7 tahun masa kemakmuran, yang segera diikuti dengan 7 tahun masa kekeringan yang hebat yang tidak saja melanda Mesir, tetapi juga daerah - daerah di sekitarnya termasuk Kanaan.",9,yang,yang,PRON,S--,{'PronType': 'Rel'},11,nsubj:pass,{'MorphInd': '^yang<s>_S--$'},Tidak Berimbuhan
train-s3654,"Akhirnya pada tanggal 3 Maret 2013 Pasangan Cagub - Cawagub nomor 4 Aher - Demiz ditetapkan menjadi pemenangan Pilgub Jabar dan akan memimpin Jabar selama periode 2013 - 2018, pasangan ini meraih 6.515. 313 suara atau sekitar 32 persen dari suara sah dari 26 Kabupaten / Kota di Jawa Barat.",6,2013,2013,NUM,CC-,{'NumType': 'Card'},5,nummod,{'MorphInd': '^2013<c>_CC-$'},Tidak Berimbuhan
train-s2617,Selebriti (bahasa Inggris: celebrity) atau pesohor ialah orang terkenal lantaran terlalu dekatnya dengan dunia pemberitaan (pers).,13,lantaran,lantaran,SCONJ,S--,_,15,mark,{'MorphInd': '^lantaran<s>_S--$'},Tidak Berimbuhan
train-s4025,"Tumbuh - tumbuhan di permukaan mengalami evolusi sehingga bergantung pada variasi musiman cuaca, dan perubahan tiba - tiba yang hanya berlangsung beberapa tahun dapat memiliki efek dramatis, baik pada tanaman maupun pada hewan yang bergantung pada pertumbuhan untuk makanan mereka.",38,pada,pada,ADP,R--,_,39,case,{'MorphInd': '^pada<r>_R--$'},Tidak Berimbuhan
train-s487,Philipp Haastrup () adalah seorang pemain sepak bola berkewarganegaraan Jerman yang bermain untuk klub Willem II biasa bermain pada posisi gelandang.,19,bermain,bermain,VERB,VSA,"{'Number': 'Sing', 'Voice': 'Act'}",7,advcl,{'MorphInd': '^ber+main<v>_VSA$'},Prefiks
train-s474,"Ia mempertanyakan beberapa fakta janggal seperti mengapa rekaman pengatur penerbangan saat kejadian 9 / 11 dirusak oleh komisioner FAA, mengapa kotak hitam tidak ditemukan dari satupun pesawat, dan juga mempertanyakan tingkat kemahiran pembajak yang menurutnya untuk sekelas pilot berlisensi pesawat perintis sangat mencurigakan dapat mengendalikan pesawat sekelas 747 dengan kecepatan tinggi dan menabrakkannya dalam posisi target yang tidak lebar.",30,dan,dan,CCONJ,H--,_,32,cc,{'MorphInd': '^dan<h>_H--$'},Tidak Berimbuhan
train-s2240,"Kecamatan Petungkriyono secara geografis terletak di bagian selatan wilayah Kabupaten Pekalongan dengan batas: Luas wilayah Kecamatan Petungkriyono 73, 59 km2 atau 8, 80 % dari luas Wilayah Kabupaten Pekalongan, secara administratif terbagi atas 9 desa, 37 dusun, 39 RW dan 90 RT. Sedangkan menurut topografi keseluruhan desa tersebut merupakan desa dataran tinggi atau pegunungan dengan ketinggian 1.294 dpl.",46,dan,dan,CCONJ,H--,_,48,cc,{'MorphInd': '^dan<h>_H--$'},Tidak Berimbuhan
train-s456,"Dalam babak play - off kualifikasi melawan, Nakata mencetak tiga gol yang meloloskan Jepang ke Piala Dunia Perancis 1998.",6,kualifikasi,kualifikasi,NOUN,NSD,{'Number': 'Sing'},2,compound,{'MorphInd': '^kualifikasi<n>_NSD$'},Tidak Berimbuhan
train-s4182,"Pada ikatan kovalen rangkap dua, ditunjukkan oleh garis rangkap dua (=), yang artinya terdapat dua pasangan elektron ikatan, contohnya pada ikatan rangkap dua pada molekul CO2. Atom Na memberikan 1 elektronnya pada atom Cl, sehingga Na bermuatan positif dan Cl bermuatan negatif.",44,bermuatan,bermuatan,NOUN,VSA,"{'Number': 'Sing', 'Voice': 'Act'}",35,advcl,{'MorphInd': '^ber+muat<v>+an_VSA$'},Konfiks
train-s267,"Cova - Lima berbatasan dengan Laut Timor di selatan, distrik Bobonaro dan Ainaro di timur, dan Provinsi Nusa Tenggara Timur",5,dengan,dengan,ADP,R--,_,6,case,{'MorphInd': '^dengan<r>_R--$'},Tidak Berimbuhan
train-s2928,"Hiei dijadikan bulan - bulanan oleh pesawat angkut torpedo TBF Avenger Marinir Amerika Serikat yang berpangkalan di Lanud Henderson, pesawat TBF Avenger dan pesawat pengebom tukik SBD Dauntless dari Enterprise yang berangkat dari Nouméa pada 11 November, dan pesawat - pesawat pengebom B - 17 Flying Fortress dari Unit Bombardemen Berat XI Korps Penerbangan Angkatan Darat Amerika Serikat yang berpangkalan di Espiritu Santo.",52,Bombardemen,bombardemen,PROPN,X--,_,51,flat,{'MorphInd': '^bombardemen<x>_X--$'},Tidak Berimbuhan
train-s2226,"Ia juga mengepung kota Hims, dimana Gubernurnya berkerjasama dengannya waktu itu, namun ia tidak dapat menguasainya, dan kembali ke Mosul, dimana putra Buri dan tawanan lain dari Damaskus ditebus dengan bayaran 50.000 dinar.",3,mengepung,menkepung,VERB,VSA,"{'Number': 'Sing', 'Voice': 'Act'}",0,root,{'MorphInd': '^meN+kepung<v>_VSA$'},Prefiks
train-s447,Kira kira antara Tadase dan Ikuto mana yang Amu pilih?,4,Tadase,tadase,PROPN,X--,_,1,nmod,{'MorphInd': '^tadase<x>_X--$'},Tidak Berimbuhan
train-s2181,"Danau Tiga Warna, merupakan kawasan yang sangat unik juga terdapat di Kepulauan Sunda Kecil, yaitu di Pulau Flores.",2,Tiga,tiga,PROPN,CC-,_,1,flat,{'MorphInd': '^tiga<c>_CC-$'},Tidak Berimbuhan
train-s3338,"Usaha yang telah dirintis pada periode permulaan kepengurusan di tahun lima puluhan, yang kemudian kurang mendapat perhatian, mulai dirintis dengan diadakannya suatu Seminar Pencak Silat oleh Pemerintah pada tahun 1973 di Tugu, Bogor.",9,di,di,ADP,R--,_,10,case,{'MorphInd': '^di<r>_R--$'},Tidak Berimbuhan
train-s3258,"Istilah ""teh"" juga digunakan untuk minuman yang dibuat dari buah, rempah - rempah atau tanaman obat lain yang diseduh, misalnya, teh rosehip, camomile, krisan dan Jiaogulan.",22,diseduh,diseduh,VERB,X--,_,18,acl,"{'SpaceAfter': 'No', 'MorphInd': '^diseduh<x>_X--$'}",Prefiks
train-s3974,"Mesin 1988 secara sederhana dinamakan dengan ""Osella V8"".",1,Mesin,mesin,PROPN,NSD,{'Number': 'Sing'},5,nsubj:pass,{'MorphInd': '^mesin<n>_NSD$'},Tidak Berimbuhan
train-s3285,"Selain itu buku - bukunya adalah Kusni Kasdut (Gramedia, 1981), Politik Kerakyatan saduran dalam bentuk cergam dari The Discourses on Livy (Italian: Discorsi sopra la prima deca di Tito Livio) karya Niccolò Machiavelli (KPG, 1997), buku pegangan wartawan Vademekum Wartawan: Reportase Dasar (KPG, 1997), Matinya Ilmu Ekonomi 1, saduran dalam bentuk cergam dari The Death of Economics karya Paul Ormerod (KPG, 1997), Pesona Bahasa Nusantara Menjelang Abad ke - 21 (KPG, 1999), kumpulan cerpen Tawanan (PBK, 2003), terjemahan Batas Nalar: Rasionalitas dan Perilaku Manusia (KPG, 2004).",91,21,21,NUM,CC-,{'NumType': 'Card'},89,nummod,{'MorphInd': '^21<c>_CC-$'},Tidak Berimbuhan
train-s2163,"Pertukaran Pelajar Rotary adalah sebuah program pertukaran pelajar milik Rotary International yang ditujukan kepada murid - murid SMA. Sejak tahun 1929, Rotary International telah mengirim para pemuda dan pemudi ke berbagai penjuru dunia untuk merasakan hidup di lingkungan dengan budaya baru.",33,berbagai,berbagai,DET,B--,{'PronType': 'Ind'},34,det,{'MorphInd': '^berbagai<b>_B--$'},Tidak Berimbuhan
train-s351,"Temu lawak memiliki efek farmakologi yaitu, hepatoprotektor (mencegah penyakit hati), menurunkan kadar kolesterol, anti inflamasi (anti radang), laxative (pencahar), diuretik (peluruh kencing), dan menghilangkan nyeri sendi.",11,penyakit,pensakit,NOUN,NSD,{'Number': 'Sing'},10,obj,{'MorphInd': '^peN+sakit<n>_NSD$'},Prefiks
train-s3189,"Setelah di China, tim RBR menguasai beberapa balapan lain seperti di Inggris, Jerman, Jepang, Brasil, dan balapan pamungkas di Abu Dhabi.",23,pamungkas,pamungkas,ADJ,X--,_,22,amod,{'MorphInd': '^pamungkas<x>_X--$'},Tidak Berimbuhan
train-s2509,"Bada merupakan salah satu gampong yang ada di Mukim Lamteungoh, kecamatan Ingin Jaya, Kabupaten Aceh Besar, provinsi Aceh, Indonesia.",4,satu,satu,DET,CC-,_,3,det,{'MorphInd': '^satu<c>_CC-$'},Tidak Berimbuhan
train-s2395,"Ilmu sejarah memiliki dosen berdedikasi tinggi dalam sejarah misalnya Prof. PJ Suwarno. SH, Drs. G. Moedjanto, DR FX Baskara Tulus Wardaya, SJ, Drs. H. Purwanta, M. Hum, Dra. Lucia Juningsih, M. Hum. Fakultas Sains dan Teknologi merupakan penggabungan Fakultas Teknik dan Fakultas Matematika Ilmu Pengetahuan Alam. Proses penggabungan tersebut terjadi pada 1 Agustus 2007; tanggal tersebut saat ini merupakan tanggal kelahiran FST. Ide dasar dari penggabungan FT dan FMIPA berasal dari kebutuhan akan sinerginya ilmu - ilmu dasar dengan ilmu - ilmu terapan dalam memenuhi kebutuhan dan pemberdayaan masyarakat atas sains dan teknologi Program Studi Teknik Informatika mempersiapkan mahasiswa untuk menjadi lulusan S1 yang berkompeten.",24,FX,fx,PROPN,X--,_,23,flat,{'MorphInd': '^fx<x>_X--$'},Tidak Berimbuhan
train-s2811,Keju ini merupakan salah satu keju yang populer di Perancis dan diproduksi oleh perusahaan keju yang bernama Fromageries des Chaumes.,16,yang,yang,PRON,S--,{'PronType': 'Rel'},17,obl,{'MorphInd': '^yang<s>_S--$'},Tidak Berimbuhan
train-s2731,"Berkat koneksi dari Constatini, Cakarel berhasil bertemu dengan Peter Becker, presiden Criterion Collection.",1,Berkat,berkat,SCONJ,S--,_,2,mark,{'MorphInd': '^berkat<s>_S--$'},Tidak Berimbuhan
train-s1362,"ECC. Steinmetz; jabatan komisaris pemerintahan dilimpahkan kepada PJB. de Perez, wakil ketua Dewan Hindia - Belanda.",8,dilimpahkan,dilimpahkan,VERB,VSP,"{'Number': 'Sing', 'Voice': 'Pass'}",0,root,{'MorphInd': '^di+limpah<v>+kan_VSP$'},Konfiks
train-s2407,"Ichigo 100 % bisa diartikan sebagai Stroberi 100 % karena semua pemeran utama wanitanya memakai celana dalam stroberi, setidaknya pernah memakainya dan dilihat oleh Manaka.",1,Ichigo,ichigo,PROPN,X--,_,5,nsubj:pass,{'MorphInd': '^ichigo<x>_X--$'},Tidak Berimbuhan
train-s156,"Tahun 1457, ayahnya kembali merebut tahta dan gelarnya sebagai putra mahkota dipulihkan sehari sebelum kematian pamannya di tahun yang sama.",17,pamannya,paman,NOUN,NSD+PS3,"{'Number': 'Sing', 'Number[psor]': 'Sing', 'Person[psor]': '3'}",16,det,{'MorphInd': '^paman<n>_NSD+dia<p>_PS3$'},Tidak Berimbuhan
train-s2211,"Garis ini mengikuti nama biolog Alfred Russel Wallace yang, pada 1858, memperlihatkan bahwa persebaran flora fauna di Sumatera, Kalimantan, Jawa, dan Bali lebih mirip dengan yang ada di daratan Benua Asia. Paparan Sahul adalah lempeng bumi yang bergerak dari Kawasan Australesia (Benua Australia) dan berada di sisi timur Garis Weber.",30,dengan,dengan,ADP,R--,_,29,case,{'MorphInd': '^dengan<r>_R--$'},Tidak Berimbuhan
train-s806,"Pada musim ini, PB Mutiara Bandung membuat kejutan masuk ke semifinal Kejurnas untuk pertama kalinya.",14,untuk,untuk,ADP,R--,_,16,case,{'MorphInd': '^untuk<r>_R--$'},Tidak Berimbuhan
train-s3183,"Teófilo Juan Cubillas Arizaga () merupakan mantan pemain sepak bola berkebangsaan Peru. Dia pernah bermain di klub utamanya seperti Alianza Lima, FC Basel, FC Porto, FL Strikers, South Florida Sun, dan Miami Sharks.",41,.,.,PROPN,Z--,_,17,flat,{'MorphInd': '^.<z>_Z--$'},Tidak Berimbuhan
train-s2635,Lalu bagaimana dampaknya terhadap posisi keuangan PT CPOKU?,8,CPOKU,cpo,PROPN,F--+PS1,"{'Number[psor]': 'Sing', 'Person[psor]': '1'}",7,flat,"{'SpaceAfter': 'No', 'MorphInd': '^cpo<f>_F--+aku<p>_PS1$'}",Tidak Berimbuhan
train-s1264,Peringkat atas kewajiban jangka pendek Moody 'untuk penerbit sekuriti yang dikenai pajak merupakan opini dari kemampuan penerbit untuk mematuhi kewajiban keuangan jangka pendeknya.,4,jangka,jangka,NOUN,NSD,{'Number': 'Sing'},3,compound,{'MorphInd': '^jangka<n>_NSD$'},Tidak Berimbuhan
train-s284,"Khusus untuk Agama Katolik, walaupun penduduk Katolik di Sumatera Barat adalah minoritas, tapi Kabupaten Pesisir Selatan ini masuk dalam Keuskupan Padang Yang menjadi isu pembangunan di Kecamatan Bayang sampai saat ini adalah pembangunan jalan tembus Bayang (Pasar Baru) - Alahan Panjang (Solok / Solok Selatan) dan Kambang (Lengayang) - Muara Labuh (Solok Selatan) yang terkendala oleh keberadaan hutan lindung Taman Nasional Kerinci Seblat (TNKS).",11,Barat,barat,PROPN,NSD,{'Number': 'Sing'},10,amod,{'MorphInd': '^barat<n>_NSD$'},Tidak Berimbuhan
train-s2651,Kucing ini juga telah dikenal mengambil ayam buras dan ternak.,6,mengambil,menambil,VERB,VSA,"{'Number': 'Sing', 'Voice': 'Act'}",5,xcomp,{'MorphInd': '^meN+ambil<v>_VSA$'},Prefiks
train-s190,"Layaknya lagu ""Advance Adventure"" dari GARDEN, di Italia - lah karier dan petualangan Kubica akan tumbuh membesar.",7,dari,dari,ADP,R--,_,8,case,{'MorphInd': '^dari<r>_R--$'},Tidak Berimbuhan
train-s657,Rambut ini menghasilkan bahan berminyak yang lengket sehingga kepik bisa berjalan dan menempel di tempat - tempat sulit seperti di kaca atau di langit - langit.,5,berminyak,berminyak,ADJ,VSA,"{'Number': 'Sing', 'Voice': 'Act'}",4,amod,{'MorphInd': '^ber+minyak<n>_VSA$'},Prefiks
train-s535,"Sebuah stasiun pengisian bahan bakar baru dikonstruksikan di bagian utara pintu masuk bandar udara, di sebelah persimpangan A696. Pekerjaan akan dimulai pada musim panas 2007 Bandar Udara Newcastle terhubung dengan Newcastle (22 menit) dan Sunderland (55 menit) oleh layanan Tyne and Wear Metro.",5,bakar,bakar,NOUN,VSA,"{'Number': 'Sing', 'Voice': 'Act'}",4,compound,{'MorphInd': '^bakar<v>_VSA$'},Tidak Berimbuhan
train-s2639,"Atau pernahkah suatu allah mencoba datang untuk mengambil baginya suatu bangsa dari tengah-tengah bangsa yang lain, dengan cobaan-cobaan, tanda-tanda serta mujizat-mujizat dan peperangan, dengan tangan yang kuat dan lengan yang teracung dan dengan kedahsyatan-kedahsyatan yang besar, seperti yang dilakukan Tuhan, Allahmu, bagimu di Mesir, di depan matamu?",16,lain,lain,ADJ,ASP,"{'Degree': 'Pos', 'Number': 'Sing'}",13,amod,"{'SpaceAfter': 'No', 'MorphInd': '^lain<a>_ASP$'}",Tidak Berimbuhan
train-s4445,"Ketika Aristagoras mengadakan rapat para pemimpin Ionia di Miletos untuk mengatur pemberontakan melawan kekuasaan Persia, Hekataios berusaha menghalangi upaya rekan - rekannya itu.",1,Ketika,ketika,SCONJ,S--,_,3,mark,{'MorphInd': '^ketika<s>_S--$'},Tidak Berimbuhan
train-s2632,Contoh: Sakcingkir ae = satu cangkir saja; Bar ning ndi ae leh?,8,saja,saja,ADV,D--,_,7,advmod,"{'SpaceAfter': 'No', 'MorphInd': '^saja<d>_D--$'}",Tidak Berimbuhan
train-s2036,"Namun Pontus masih akan menjadi penulis lagu untuk Dead by April dan akan bertindak sebagai pemain ""sesi"" di album baru mereka dan di tur mendatang.",21,album,album,NOUN,NSD,{'Number': 'Sing'},16,nmod,{'MorphInd': '^album<n>_NSD$'},Tidak Berimbuhan
train-s3070,"Mereka mulai bermain di klub - klub di New York City di bawah serangkaian nama band yang berbeda, sebelum menetapkan nama ""Kool &amp; The Gang"" pada tahun 1968.",8,di,di,ADP,R--,_,10,case,{'MorphInd': '^di<r>_R--$'},Tidak Berimbuhan
train-s1300,"Rice berkata bahwa masa kecilnya dalam masa perbedaan ras mengajarkannya untuk melawan permusuhan, dan perlunya untuk menjadi “dua kali lebih baik” daripada non - minoritas.",21,kali,kali,NOUN,NSD,{'Number': 'Sing'},18,obj,{'MorphInd': '^kali<n>_NSD$'},Tidak Berimbuhan
train-s71,"Membangun sebuah komunitas memang tidak mudah, tetapi mereka yakin bahwa Rockto dengan konsep yang menarik dapat menarik minat para pengguna internet untuk menjadi bagian dari komunitasnya.",14,konsep,konsep,NOUN,NSD,{'Number': 'Sing'},18,obl,{'MorphInd': '^konsep<n>_NSD$'},Tidak Berimbuhan
train-s2446,"Rune ini dipegang oleh tokoh utama Suikoden II, Riou. Pada akhir permainan, Riou menolak untuk menyerang Jowy dan akhirnya ""kutukan"" Beginning Rune dipatahkan sehingga Jowy dan Riou berhasil selamat.",28,dipatahkan,dipatahkan,VERB,VSP,"{'Number': 'Sing', 'Voice': 'Pass'}",22,conj,{'MorphInd': '^di+patah<a>+kan_VSP$'},Konfiks
train-s2588,"Oleh karena itu, ruang gerak anak tidak boleh dibatasi karena apabila kegiatan seorang anak dibatasi maka itu sama dengan mengikat nalar anaknya karena ia tidak bebas untuk menjelajahi lingkungannya.",6,gerak,gerak,NOUN,VSA,"{'Number': 'Sing', 'Voice': 'Act'}",5,compound,{'MorphInd': '^gerak<v>_VSA$'},Tidak Berimbuhan
train-s412,"Untuk desain tersebut, torsi di kecepatan sinkron relatif tidak terlalu tinggi dan motor dapat bekerja di bawah kecepatan sinkron.",5,torsi,torsi,NOUN,X--,_,12,nsubj:pass,{'MorphInd': '^torsi<x>_X--$'},Tidak Berimbuhan
train-s4135,Sebuah korsel biasanya ditemukan dalam taman bermain atau taman tema (theme park).,12,theme,theme,NOUN,F--,_,10,appos,{'MorphInd': '^theme<f>_F--$'},Tidak Berimbuhan
train-s2417,Struktur tanah merupakan karakteristik fisik tanah yang terbentuk dari komposisi antara agregat (butir) tanah dan ruang antaragregat.,14,butir,butir,NOUN,NSD,{'Number': 'Sing'},12,appos,"{'SpaceAfter': 'No', 'MorphInd': '^butir<n>_NSD$'}",Tidak Berimbuhan
train-s1237,Ia juga mantan anggota tim PON Jatim (PON XVII Kaltim) dan POM ASEAN di Malaysia asuhan Aji Santoso.,16,di,di,ADP,R--,_,17,case,{'MorphInd': '^di<r>_R--$'},Tidak Berimbuhan
train-s2744,"Kontroler USB mempunyai banyak macam bentuk, dari microcontroller berbasis 8051 yang mempunyai input output USB secara langsung sampai pengubah protocol dari serial seperti I2C bus ke USB. USB controller biasanya dijual dengan disertai berbagai fasilitas yang mempermudah pengembangan alat, diantaranya manual yang lengkap, driver untuk windows XP, contoh code aplikasi untuk mengakses USB, contoh code untuk USB controller, dan skema rangkaian elektronikanya.",28,USB,usb,PROPN,F--,_,25,nmod,"{'SpaceAfter': 'No', 'MorphInd': '^usb<f>_F--$'}",Tidak Berimbuhan
train-s4119,"Sampak adalah desa di kecamatan Totikum, Banggai Kepulauan, Sulawesi Tengah, Indonesia.",5,kecamatan,kecamatan,PROPN,NSD,{'Number': 'Sing'},3,nmod,{'MorphInd': '^ke+camat<n>+an_NSD$'},Konfiks
train-s2104,"Liputan khusus Murrow di kemudian hari disebut World News Roundup, dan kini masih mengudara lewat radio - radio yang bergabung dengan CBS Radio Network.",17,radio,radio,PROPN,NSD,{'Number': 'Sing'},15,obl,{'MorphInd': '^radio<n>_NSD$'},Tidak Berimbuhan
train-s4109,"Di dalam sel kelenjar tiroid, residu tirosina pada tiroglobulin teryodiumasi, sehingga tiroglobulin terhidrolisis menjadi pecahan asam aminonya, antara lain menjadi tetra - iodotironin (T4), T3, diiodotirosina (DIT) dan monoiodotirosina (MIT).",9,pada,pada,ADP,R--,_,10,case,{'MorphInd': '^pada<r>_R--$'},Tidak Berimbuhan
train-s3118,"Dretarastra memutuskan untuk memilih Gendari, kenapa yang dipilih Gendari?",2,memutuskan,menputuskan,VERB,VSA,"{'Number': 'Sing', 'Voice': 'Act'}",0,root,{'MorphInd': '^meN+putus<a>+kan_VSA$'},Konfiks
train-s994,"Alga juga menggunakan klorofil, namun memiliki beragam pigmen lainnya, misalnya fikosianin, karoten, dan xantofil pada alga hijau, fikoeritrin pada alga merah (rhodophyta) dan fukoksantin pada alga cokelat dan diatom yang menghasilkan warna yang beragam pula.",35,dan,dan,CCONJ,H--,_,36,cc,{'MorphInd': '^dan<h>_H--$'},Tidak Berimbuhan
train-s2333,Hal ini memungkinan seseorang dengan komputer dengan kartu nirkabel wireless card atau personal digital assistant (PDA) untuk terhubung dengan internet dengan menggunakan titik akses (atau dikenal dengan hotspot) terdekat.,29,dikenal,dikenal,VERB,VSP,"{'Number': 'Sing', 'Voice': 'Pass'}",28,acl,{'MorphInd': '^di+kenal<v>_VSP$'},Prefiks
train-s4078,"Hampir semua Presiden Indonesia pernah menginap di Hotel Santika Cirebon, termasuk Susilo Bambang Yudhoyono.",6,menginap,menginap,VERB,X--,_,0,root,{'MorphInd': '^menginap<x>_X--$'},Prefiks
train-s2749,"Luffy hanya menjawab ""Ya"" sedangkan teman - teman yang lain menolak dengan marah karena masih curiga karena dia anggota BW, kecuali Sanji.",25,Sanji,sanji,PROPN,X--,_,21,conj,"{'SpaceAfter': 'No', 'MorphInd': '^sanji<x>_X--$'}",Tidak Berimbuhan
train-s1675,"Vincent juga pernah menjadi presenter di salah satu kuis yang ditayangkan di ANTV yaitu Super Game. Saat ini ia aktif menjadi presenter reality show ""Ups Salah"" di Trans 7",13,ANTV,antv,PROPN,X--,_,11,obl,{'MorphInd': '^antv<x>_X--$'},Tidak Berimbuhan
train-s4146,Atau Jamal (Bio One) teman baik Dinda?,9,Dinda,dinda,PROPN,X--,_,7,flat,"{'SpaceAfter': 'No', 'MorphInd': '^dinda<x>_X--$'}",Tidak Berimbuhan
train-s4143,Semula nama R Maladi akan diabadikan sebagai nama stadion Manahan.,8,nama,nama,NOUN,NSD,{'Number': 'Sing'},6,obl,{'MorphInd': '^nama<n>_NSD$'},Tidak Berimbuhan
train-s3792,Desa ini memiliki jumlah penduduknya sebagian besar bersuku daerah Sasak.,7,besar,besar,ADJ,ASP,"{'Degree': 'Pos', 'Number': 'Sing'}",8,amod,{'MorphInd': '^besar<a>_ASP$'},Tidak Berimbuhan
train-s2163,"Pertukaran Pelajar Rotary adalah sebuah program pertukaran pelajar milik Rotary International yang ditujukan kepada murid - murid SMA. Sejak tahun 1929, Rotary International telah mengirim para pemuda dan pemudi ke berbagai penjuru dunia untuk merasakan hidup di lingkungan dengan budaya baru.",6,program,program,NOUN,NSD,{'Number': 'Sing'},0,root,{'MorphInd': '^program<n>_NSD$'},Tidak Berimbuhan
train-s1774,"Namun, di Yunani sekarang ibadah dirayakan dalam bahasa Yunani yang dimengerti umat, bukan bahasa Yunani abad pertama.",12,dimengerti,dimengerti,VERB,VSP,"{'Number': 'Sing', 'Voice': 'Pass'}",9,acl,{'MorphInd': '^di+mengerti<a>_VSP$'},Prefiks
train-s3166,"Dengan mengetik secara acak, peluang huruf pertama yang diketik merupakan b adalah 1 / 50, dan kemungkinan huruf ke dua yang diketik merupakan a juga adalah 1 / 50, dst.",6,peluang,peluang,NOUN,NSD,{'Number': 'Sing'},11,nsubj,{'MorphInd': '^peluang<n>_NSD$'},Prefiks
train-s3716,"Selama tahun 2006 jumlah Perda yang diterbitkan Pemkab Mamuju adalah 13 Perda, yaitu: Selain Perda, produk hukum lainnya yang diterbitkan selama tahun 2006, yaitu Keputusan Bupati sebanyak 1172 buah dan instruksi Bupati sebanyak 1 buah.",10,adalah,adalah,AUX,O--,_,12,cop,{'MorphInd': '^adalah<o>_O--$'},Tidak Berimbuhan
train-s139,Biasanya terjadi pada peranti yang menunjukkan karakteristik resistansi negatif pada pencatu daya.,8,resistansi,resistansi,NOUN,X--,_,7,compound,{'MorphInd': '^resistansi<x>_X--$'},Tidak Berimbuhan
train-s937,Sekolah Dasar Islam Terpadu Harapan Umat memiliki kode NPSN 20110034.,6,Umat,umat,PROPN,NSD,{'Number': 'Sing'},2,flat,{'MorphInd': '^umat<n>_NSD$'},Tidak Berimbuhan
train-s2306,"Panitia Persiapan Pendirian Universitas Negeri Jambi kemudian membuka dua Fakultas Baru yaitu Fakultas Pertanian dan Fakultas Peternakan, sehingga pada saat diresmikan tanggal 1 April 1963, Universitas Negeri Jambi memiliki empat Fakultas yaitu Fakultas Ekonomi, Fakultas Hukum, Fakultas Pertanian dan Fakultas Peternakan.",25,April,april,PROPN,NSD,{'Number': 'Sing'},23,nmod,{'MorphInd': '^april<n>_NSD$'},Tidak Berimbuhan
train-s2592,Penggetar ganda terdiri atas dua irisan buluh yang saling bergetar dan membunyikan kolom udara yang berada di dalam tabung alat musik.,14,udara,udara,NOUN,NSD,{'Number': 'Sing'},13,compound,{'MorphInd': '^udara<n>_NSD$'},Tidak Berimbuhan
train-s689,Mal ini bisa dicapai beberapa menit dengan mengemudi dari Jembatan Semanggi.,9,dari,dari,ADP,R--,_,10,case,{'MorphInd': '^dari<r>_R--$'},Tidak Berimbuhan
train-s2428,Ia tidak berbunga dan berbuah karena merupakan tumbuhan berbiji terbuka.,9,berbiji,berbiji,VERB,VSA,"{'Number': 'Sing', 'Voice': 'Act'}",8,acl,{'MorphInd': '^ber+biji<n>_VSA$'},Prefiks
train-s1945,"Dia merupakan seorang bek keras yang dikenal dengan ketahanan fisik yang luar biasa, kekuatan dan teknik tinggi, ia telah menjadi bagian penting dari tim nasional Yunani dan tim Olympiacos sejak bergabung dengan klub tersebut.",23,bagian,bagian,NOUN,NSD,{'Number': 'Sing'},22,obj,{'MorphInd': '^bagi<v>+an_NSD$'},Sufiks
train-s817,"Nama Kayuagung secara umum berasal dari sebuah sejarah, dimana pada zaman dahulunya, daerah kota kayuagung terdapat pohon - pohon yang berukuran besar, bahkan ada yang sampai berdiameter 4 meter, kemudian disimpulkanlah oleh para petua Pohon itu berarti Kayu sedangkan Besar Itu Agung.",43,sedangkan,sedangkan,SCONJ,S--,_,44,mark,{'MorphInd': '^sedangkan<s>_S--$'},Tidak Berimbuhan
train-s1319,Pada malam hari mereka berjalan - jalan keluar dan mengunjungi tepi danau menikmati bulan.,12,danau,danau,NOUN,NSD,{'Number': 'Sing'},11,compound,{'MorphInd': '^danau<n>_NSD$'},Tidak Berimbuhan
train-s1726,"Ketika ayahnya kembali dari kunjungan dua tahun ke Spanyol pada tahun 1576, ia mendapati putranya yang berusia 8 tahun memiliki penguasaan diri seperti seorang dewasa, dan ia sudah menganggapnya sebagai seorang ahli waris Castiglione yang pantas.",37,yang,yang,PRON,S--,{'PronType': 'Rel'},38,nsubj,{'MorphInd': '^yang<s>_S--$'},Tidak Berimbuhan
train-s200,"Di Indonesia, instansi yang menjalankan tugas - tugas ini adalah Direktorat Jenderal Bea dan Cukai sebagai unsur pelaksana tugas pokok dan fungsi Departemen Keuangan Republik Indonesia di bidang kepabeanan dan cukai.",27,Indonesia,indonesia,PROPN,NSD,{'Number': 'Sing'},26,flat,{'MorphInd': '^indonesia<n>_NSD$'},Tidak Berimbuhan
train-s1178,"Walaupun demikian, sebagian pos komando terpencil dan personel militer dari kesatuan di pelosok - pelosok Asia menolak untuk menyerah selama berbulan - bulan bahkan hingga bertahun - tahun setelah Jepang menyerah.",6,komando,komando,NOUN,NSD,{'Number': 'Sing'},5,compound,{'MorphInd': '^komando<n>_NSD$'},Tidak Berimbuhan
train-s3416,"Ketika berkunjung ke Belanda, Menteri Perekonomian RIS Juanda pada 20 Januari 1950 menyampaikan kepada Menteri Götzen, agar pasukan elit RST yang dipandang sebagai faktor risiko, secepatnya dievakuasi dari Indonesia.",4,Belanda,belanda,PROPN,NSD,{'Number': 'Sing'},2,obl,"{'SpaceAfter': 'No', 'MorphInd': '^belanda<n>_NSD$'}",Tidak Berimbuhan
train-s2784,"Meskipun masyarakat pedalaman masih tetap menganut animisme, tetapi rakyat pesisir menganut agama Islam.",5,tetap,tetap,VERB,ASP,"{'Degree': 'Pos', 'Number': 'Sing'}",0,root,{'MorphInd': '^tetap<a>_ASP$'},Tidak Berimbuhan
train-s2364,Loji Instruksi di UGLE dapat dijamin oleh Loji biasa manapun untuk dapat mempelajari dan berlatih Ritual Mason.,1,Loji,loji,PROPN,X--,_,6,nsubj:pass,{'MorphInd': '^loji<x>_X--$'},Tidak Berimbuhan
train-s1988,"Struktur wilayah datar dan sedikit miring dengan bagian utara yang sedikit lebih tinggi daripada bagian selatan dengan titik terendahnya sungai brantas Secara presentase wilayah ini terdiri dari: sekitar empat puluh persen wilayahnya terdiri atas persawahan, dua puluh persen perumahan, tiga puluh lima persen perkebunan berupa tegalan, dan lima belas persen untuk kegunaan yang lain.",40,persen,persen,NOUN,NSD,{'Number': 'Sing'},32,conj,{'MorphInd': '^persen<n>_NSD$'},Tidak Berimbuhan
train-s2410,"Aliansi Utara Afganistan menyediakan mayoritas pasukan, dengan dukungan dari Amerika Serikat dan negara - negara NATO antara lain Britania Raya, Perancis, Belanda, dan Australia.",23,Perancis,perancis,PROPN,NSD,{'Number': 'Sing'},20,conj,"{'SpaceAfter': 'No', 'MorphInd': '^perancis<n>_NSD$'}",Tidak Berimbuhan
train-s3201,"Setelah si Ksatria sampai di puncak Gunung Sembulungan, ia menjadi sadar dan menemukan tiga patung: satu besar dan dua kecil.",10,ia,ia,PRON,PS3,"{'Number': 'Sing', 'Person': '3', 'PronType': 'Prs'}",11,nsubj,{'MorphInd': '^ia<p>_PS3$'},Tidak Berimbuhan
train-s3909,"Dan baru pada tanggal 8 April 1945, Sri Sultan Hamengkubuwono IX melakukan penataan kembali wilayah Kasultanan Yogyakarta melalui Jogjakarta Koorei angka 2 (dua).",20,Jogjakarta,jogjakarta,PROPN,X--,_,16,nmod,{'MorphInd': '^jogjakarta<x>_X--$'},Tidak Berimbuhan
train-s3358,"Pada awal abad ke - 20, Kuba hanya dibagi menjadi 6 provinsi.",8,Kuba,kuba,PROPN,NSD,{'Number': 'Sing'},10,nsubj:pass,{'MorphInd': '^kuba<n>_NSD$'},Tidak Berimbuhan
train-s4264,"Ia memerintahkan tentara untuk mengamankan perbatasan dan menjaga ketenangan di dalam negeri ""demi menghormati kenangan terhadap almarhum pemimpin yang hebat"".",9,ketenangan,ketenangan,NOUN,NSD,{'Number': 'Sing'},8,obj,{'MorphInd': '^ke+tenang<a>+an_NSD$'},Konfiks
train-s1881,"Objek wisata yang dapat dikunjungi di Barabai adalah objek wisata sungai pegunungan Pagat Batu Benawa yang terletak 7 km dari kota Barabai, objek wisata sungai pegunungan Lok Laga yang terletak 15 km dari kota berada di kecamatan Haruyan, objek wisata air panas yang terletak 10 km dari kota yang berada di desa Hantakan File: COLLECTIE TROPENMUSEUM Djatilaan te Barabei Borneo TMnr 10008029. jpg | Jalan dengan pohon jati di Barabai di masa Hindia Belanda Berkas: COLLECTIE TROPENMUSEUM Eedafneming bij lokale inwoners te Barabai met in het midden JJ Meijer de assistent - resident van Amoetai (residentie Zuidoost Borneo) TMnr 10001594. jpg | JJ Meijer, assistent - resident Amuntai bersama warga Barabai Berkas: COLLECTIE TROPENMUSEUM Inlandse school te Barabai Zuidoost - Borneo TMnr 10002382. jpg | Inlandse school (""sekolah untuk pribumi"" di Barabai di masa Hindia Belanda",120,Barabai,barabai,PROPN,X--,_,119,flat,{'MorphInd': '^barabai<x>_X--$'},Tidak Berimbuhan
train-s3315,"Michael E. Davis, mantan rekan bisnis Wales, yang kini menjadi anggota dewan dan direktur keuangan Yayasan Wikimedia, ditunjuk sebagai direktur keuangan dan and sekretaris Wikia pada Januari 2006.",11,yang,yang,PRON,S--,{'PronType': 'Rel'},13,nsubj,{'MorphInd': '^yang<s>_S--$'},Tidak Berimbuhan
train-s2391,"Sementara rumah sakit lain dengan fasilitas UGD 24 jam antara lain RSUD Moewardi, RS PKU Muhammadiyah, RS Islam Surakarta (Yarsis), RS Kustati, RS Kasih Ibu, RS Panti Waluyo, RS Brayat Minulyo, dan RS Dr. Oen Solo Baru. RS Ortopedi Dr. Soeharso adalah salah satu pusat ortopedi terkemuka di Indonesia yang pernah menjadi pusat rujukan tulang nasional.",5,dengan,dengan,ADP,R--,_,6,case,{'MorphInd': '^dengan<r>_R--$'},Tidak Berimbuhan
train-s2710,"Saat dibandingkan dengan Wasu, Papua Nugini, kedua kota ini adalah yang paling jauh, dalam hal jumlah penerbangan, di dalam jaringan transportasi udara dunia.",1,Saat,saat,ADP,NSD,{'Number': 'Sing'},2,case,{'MorphInd': '^saat<n>_NSD$'},Tidak Berimbuhan
train-s1517,Aktivitas rantasi suplai (rantai nilai dan proses siklus hidup) mengubah bahan baku dan bahan pendukung menjadi sebuah barang jadi yang dapat dikirimkan kepada pelanggan pengguna akhir.,24,dikirimkan,dikirimkan,VERB,VSP,"{'Number': 'Sing', 'Voice': 'Pass'}",20,acl,{'MorphInd': '^di+kirim<v>+kan_VSP$'},Konfiks
train-s3171,"Kabupaten Bener Meriah yang beribukota di Simpang Tiga Redelong memiliki luas 1.919,69 km2 terdiri dari 10 Kecamatan dan 233 desa, Bener Meriah terletak 4 ° 33 50 - 4 ° 54 50 Lintang Utara dan 96 ° 40 75 - 97 ° 17 50 Bujur Timur dengan tinggi rata - rata di atas permukaan laut 100 - 2.500 mdpl Kabupaten Bener Meriah mencakup bagian utara Kabupaten Aceh Tengah yang berbatasan dengan Komoditi unggulan Kabupaten Bener Meriah yaitu sektor Perkebunan dan jasa.",71,berbatasan,berbatasan,VERB,VSA,"{'Number': 'Sing', 'Voice': 'Act'}",67,acl,{'MorphInd': '^ber+batas<n>+an_VSA$'},Konfiks
train-s210,Panitia Pembentukan Calon Kabupaten Sambas Utara telah melaksanakan beberapa pertemuan dan rapat - rapat pembentukan Calon Kabupaten Sambas Utara yang puncaknya akan dilaksanakan deklarasi; 10.,24,deklarasi,deklarasi,NOUN,NSD,{'Number': 'Sing'},23,obj,"{'SpaceAfter': 'No', 'MorphInd': '^deklarasi<n>_NSD$'}",Tidak Berimbuhan
train-s4022,"Dalam bahasa Inggris tumbuhan ini dikenal dengan nama - nama Bengal almond, Indian almond, Malabar almond, Singapore almond, Tropical almond, Sea almond, Beach almond, Talisay tree, Umbrella tree, dan lain - lain.",7,dengan,dengan,ADP,R--,_,8,case,{'MorphInd': '^dengan<r>_R--$'},Tidak Berimbuhan
train-s2494,Spesies ini pertama kali dipublikasikan dengan nama Portulaca portulacastrum oleh Carl Linnaeus pada tahun 1753.,8,Portulaca,portulaca,NOUN,X--,_,7,compound,{'MorphInd': '^portulaca<x>_X--$'},Tidak Berimbuhan
train-s349,"Indonesia Malaise disutradarai Wong Bersaudara (Nelson, Joshua, dan Othniel), etnis Cina yang belajar perfilman di Amerika Serikat.",2,Malaise,malaise,PROPN,F--,_,1,flat,{'MorphInd': '^malaise<f>_F--$'},Tidak Berimbuhan
train-s4067,"Meskipun demikian, Yudistira tetap menunjukkan rasa hormatnya kepada Dretarastra dengan menetapkan bahwa tahta Raja Hastinapura masih dipegang oleh Dretarastra.",1,Meskipun,meskipun,SCONJ,S--,_,6,mark,{'MorphInd': '^meskipun<s>_S--$'},Tidak Berimbuhan
train-s4315,"Tentang Dia juga mendapatkan 5 nominasi lainnya, yaitu Sutradara Terbaik untuk Rudi Soedjarwo, Aktris Terbaik untuk Sigi Wimala, Skenario Terbaik untuk Titien Wattimena, Tata Suara Terbaik, dan Tata Artistik Terbaik.",35,Terbaik,terbaik,PROPN,ASS,"{'Degree': 'Sup', 'Number': 'Sing'}",33,amod,"{'SpaceAfter': 'No', 'MorphInd': '^ter+baik<a>_ASS$'}",Prefiks
train-s80,Mawar merupakan komoditas hortikultura yang bernilai ekonomi tinggi dan banyak diminati konsumen serta dapat dibudidayakan secara komersial.,17,komersial,komersial,ADJ,ASP,"{'Degree': 'Pos', 'Number': 'Sing'}",15,amod,"{'SpaceAfter': 'No', 'MorphInd': '^komersial<a>_ASP$'}",Tidak Berimbuhan
train-s1682,Ia adalah seorang ekonom Universitas Shahid Behesti (Shahid Beheshti University).,10,Beheshti,beheshti,PROPN,X--,_,9,flat,{'MorphInd': '^beheshti<x>_X--$'},Tidak Berimbuhan
train-s124,"Bersama isterinya Marjolein Beumer, ia menulis skenario, seperti film Bezet (2004) dan serial drama NPS Moes. Pada tahun 2005, ia muncul dalam film Manderlay, di mana ia bermain bersama - sama Danny Glover, Willem Dafoe, dan Lauren Bacall.",28,dalam,dalam,ADP,ASP,"{'Degree': 'Pos', 'Number': 'Sing'}",29,case,{'MorphInd': '^dalam<a>_ASP$'},Tidak Berimbuhan
train-s3876,"Sebagai bahan informasi untuk dijadikan pegangan, berbagai informasi disusun dalam Profil, yang berisi tentang Organisasi, SDM, Sarana, Prasarana, serta kinerja Daop 1 Jakarta.",5,dijadikan,dijadikan,VERB,VSP,"{'Number': 'Sing', 'Voice': 'Pass'}",2,acl,{'MorphInd': '^di+jadi<a>+kan_VSP$'},Konfiks
train-s1073,"Pusat dari segala kegiatan, baik kegiatan kemasyarakatan, pemerintahan maupun dalam pembangunan.",1,Pusat,pusat,PROPN,ASP,"{'Degree': 'Pos', 'Number': 'Sing'}",0,root,{'MorphInd': '^pusat<a>_ASP$'},Tidak Berimbuhan
train-s4119,"Sampak adalah desa di kecamatan Totikum, Banggai Kepulauan, Sulawesi Tengah, Indonesia.",1,Sampak,sampak,PROPN,X--,_,3,nsubj,{'MorphInd': '^sampak<x>_X--$'},Tidak Berimbuhan
train-s1135,"Gejala lainnya dari artritis pirai akut adalah demam, menggigil, perasaan tidak enak badan dan denyut jantung yang cepat.",12,perasaan,perrasaan,NOUN,NSD,{'Number': 'Sing'},8,conj,{'MorphInd': '^per+rasa<n>+an_NSD$'},Konfiks
train-s239,"Raja Taksin lalu mendirikan ibukota baru di Thonburi, yang terletak di seberang sungai Chao Phraya berhadapan dengan ibukota yang sekarang, Bangkok.",19,ibukota,ibukota,NOUN,NSD,{'Number': 'Sing'},17,obl,{'MorphInd': '^ibukota<n>_NSD$'},Tidak Berimbuhan
train-s543,"Raden Wijaya yang sebelumnya telah memiliki dua orang istri putri Kertanagara, kemudian menjadikan Dara Petak sebagai Stri Tinuheng Pura, atau ""istri yang dituakan di istana"".",9,istri,istri,NOUN,NSD,{'Number': 'Sing'},8,compound,{'MorphInd': '^istri<n>_NSD$'},Tidak Berimbuhan
train-s4053,"Pada 12 Agustus 2012, Bertrand mencetak gol pertamanya untuk Chelsea pada kekalahan 2 – 3 dari Manchester City di ajang FA Community Shield 2012.",3,Agustus,agustus,PROPN,NSD,{'Number': 'Sing'},7,obl,{'MorphInd': '^agustus<n>_NSD$'},Tidak Berimbuhan
train-s140,"Pertempuran dimulai dengan pemboman Italia pada pangkalan udara Rhodesia di Wajir di Kenya, dan dilanjutkan, invasi pasukan Italia melalui Somaliland, Eritrea, Ethiopia, sampai menyerahnya Italia setelah Pertempuran Gondar pada bulan November 1941 Pada tanggal 9 Mei 1936, diktator Italia Benito Mussolini menyatakan ""Imperium Italia Afrika Timur"" (Afrika Orientale Italiana, AOI).",18,invasi,invasi,NOUN,NSD,{'Number': 'Sing'},16,obl,{'MorphInd': '^invasi<n>_NSD$'},Tidak Berimbuhan
train-s1692,"Ada empat hal utama yang berpengaruh pada karies: permukaan gigi, bakteri kariogenik (penyebab karies), karbohidrat yang difermentasikan, dan waktu.",20,karbohidrat,karbohidrat,NOUN,NSD,{'Number': 'Sing'},10,conj,{'MorphInd': '^karbohidrat<n>_NSD$'},Tidak Berimbuhan
train-s1956,"Menurut Academic Ranking of World Universities, pada tahun 2006 tidak ada universitas di Rumania yang masuk kedalam 500 universitas terbaik di seluruh dunia.",2,Academic,academic,PROPN,X--,_,12,obl,{'MorphInd': '^academic<x>_X--$'},Tidak Berimbuhan
train-s838,Kebun botani ini dibuat sejak tahun 1877 dan merupakan percontohan kebun botani di awal abad ke - 19 dan ke - 20.,9,merupakan,merupakan,VERB,O--,_,4,conj,{'MorphInd': '^merupakan<o>_O--$'},Tidak Berimbuhan
train-s1595,"Jersey Shore adalah acara realita televisi Amerika Serikat yang perdana di MTV pada 3 Desember, 2009 di Amerika Serikat.",3,adalah,adalah,AUX,O--,_,4,cop,{'MorphInd': '^adalah<o>_O--$'},Tidak Berimbuhan
train-s2101,"Dalam Talmud Tractate Yoma 29a, Ester dibandingkan dengan ""bintang fajar"", dan dihubungkan dengan Mazmur 22 yang di bagian awal ada catatan ""Menurut lagu: Rusa di kala fajar"".",33,fajar,fajar,NOUN,NSD,{'Number': 'Sing'},32,compound,"{'SpaceAfter': 'No', 'MorphInd': '^fajar<n>_NSD$'}",Tidak Berimbuhan
train-s1239,Copa Constitució atau Piala Andorra adalah kejuaraan nasional sepak bola antar klub yang diselenggarakan di Andorra.,2,Constitució,constitució,PROPN,X--,_,1,flat,{'MorphInd': '^constitució<x>_X--$'},Tidak Berimbuhan
train-s2042,Tanggal 21 Juni 1990 merupakan permulaan bersinar bintang kariernya.,7,bersinar,bersinar,VERB,VSA,"{'Number': 'Sing', 'Voice': 'Act'}",6,acl,{'MorphInd': '^ber+sinar<n>_VSA$'},Prefiks
train-s373,Al - Wahda () adalah klub sepak bola Suriah yang berada di Damaskus.,8,sepak,sepak,NOUN,VSA,"{'Number': 'Sing', 'Voice': 'Act'}",7,compound,{'MorphInd': '^sepak<v>_VSA$'},Tidak Berimbuhan
train-s2020,"Kembali di Belanda, Sneevliet agak tersingkirkan oleh pimpinan CPH, yang mengkritik taktiknya di Hindia Belanda.",16,Hindia,hindia,PROPN,X--,_,13,obl,{'MorphInd': '^hindia<x>_X--$'},Tidak Berimbuhan
train-s3372,Mereka mengetahui rahasia - rahasia hati dan paham mengenai teori dasar psikoanalis yakni alam sadar dan alam bawah sadar (hati).,13,yakni,yakni,ADV,O--,_,14,advmod,{'MorphInd': '^yakni<o>_O--$'},Tidak Berimbuhan
train-s2682,"Saat ini sudah ada alat pembedahan minimal invasif yang dilakukan hanya dengan membuat sayatan kecil pada kulit untuk melakukan tindakan pembedahan, ada juga pembedahan oleh robotik (Da Vinci) Alat bedah terdiri dari dompet kulit yang berisi alat - alat sebagai berikut: Alat - alat yang sudah selesai digunakan harus dicuci bersih dan disuci hamakan dengan alkohol atau disinfektan lainnya.",29,Da,da,PROPN,F--,_,27,appos,{'MorphInd': '^da<f>_F--$'},Tidak Berimbuhan
train-s3599,"Saat menyelesaikan tugas akhir mahasiswa S - 1 di Fakultas Teknik Jurusan Teknik Kimia, Universitas Shizuoka, Jepang, tahun 1991, Dr. Warsito mulai tertarik dengan sebuah riset tentang menembus pandang sebuah objek (sekarang disebut tomografi).",10,Fakultas,fakultas,NOUN,NSD,{'Number': 'Sing'},3,nmod,{'MorphInd': '^fakultas<n>_NSD$'},Tidak Berimbuhan
train-s4364,"Pada tahun 2002, museum seni di Jepang, Bunkamura Museum of Art in Japan mengadakan pameran yang berisikan berbagai lukisan asli dari serial ini, kapal selam dan roket peluncur yang diciptakan oleh Profesor Lakmus dalam serial ini.",13,Art,art,PROPN,F--,_,12,nmod,{'MorphInd': '^art<f>_F--$'},Tidak Berimbuhan
train-s1699,"Kejuaraan Remaja U - 19 AFF adalah sebuah kompetisi sepak bola internasional tahunan yang diperebutkan oleh tim nasional anggota Federasi Sepak Bola ASEAN (AFF) dan kadang - kadang mengundang negara - negara dari seluruh Asia. Turnamen sebelumnya bermain di bawah - 20 tingkat, namun, AFF mengikuti AFC setelah mereka berganti nama menjadi itu U - 20 kompetisi jatuh dengan Konvensi penamaan FIFA dan juga untuk mencerminkan usia pemain di kompetisi.",40,sebelumnya,sebelumnya,ADV,D--,_,39,advmod,{'MorphInd': '^sebelumnya<d>_D--$'},Konfiks
train-s1212,"Malamnya, mereka berkencan di ""Fancy"" dan Mr. Krabs harus membayar 100.000 dolar untuk pelayanan kepada Mrs. Puff. Keesokan harinya, Mr. Krabs dan SpongeBob pergi ke rumah Mrs. Puff, Mr. Krabs menyuruh SpongeBob tidak membelikan Mrs. Puff apapun, tapi cintanya membuat dia menyuruh SpongeBob membeli sesuatu, tapi ketika SpongeBob sampai, Mr. Krabs marah karena memakai uangnya, ini terjadi berulang - ulang dengan barang - barang yang berbeda.",61,ketika,ketika,SCONJ,S--,_,63,mark,{'MorphInd': '^ketika<s>_S--$'},Tidak Berimbuhan
train-s2519,"Di antara ciri khas dialek Jepang Barat adalah penggunaan kata oru (おる) untuk iru (いる, ada) serta pemakaian kopula ja (じゃ) atau ya (や) dan bukan da (だ). Akhiran bentuk negasi adalah - n (～ ん) seperti dalam wakaran (わから ん, tidak tahu), dan bukan - nai (～ ない) seperti dalam wakaranai (わからない). Ciri - ciri khas tersebut sebagian berasal dari bahasa Jepang Kuno. Jenis - jenis dialek Hokuriku: Bantuan | style = ""padding: 0em 0.5 em 0em 0.5 em; background - color: # f1fcf5;"" | | style = ""width: 50 % %; vertical - align: top; border: 1px solid # abd5f5; background - color: # f1f5fc;"" | Tips Membuat kesalahan?",1,Di,di,ADP,R--,_,3,case,{'MorphInd': '^di<r>_R--$'},Tidak Berimbuhan
train-s2714,"Hutan hujan tropika atau sering juga ditulis sebagai hutan hujan tropis adalah bioma berupa hutan yang selalu basah atau lembap, yang dapat ditemui di wilayah sekitar khatulistiwa; yakni kurang lebih pada lintang 0 ° – 10 ° ke utara dan ke selatan garis khatulistiwa.",39,°,°,SYM,Z--,_,34,punct,{'MorphInd': '^°<z>_Z--$'},Tidak Berimbuhan
train-s1403,"Dekrit ini merupakan dekrit pertama yang dikeluarkan oleh Monarki Yogyakarta semenjak, terakhir, 30 Oktober 1945.",11,semenjak,semenjak,ADP,D--,_,16,case,"{'SpaceAfter': 'No', 'MorphInd': '^semenjak<d>_D--$'}",Tidak Berimbuhan
train-s2255,"Moru / Gaya Baru adalah desa di kecamatan Wasior, Teluk Wondama, Papua Barat, Indonesia.",12,Wondama,wondama,PROPN,X--,_,11,flat,"{'SpaceAfter': 'No', 'MorphInd': '^wondama<x>_X--$'}",Tidak Berimbuhan
train-s2358,"Gaya - gaya tipografi pada Psychedelic terpengaruh oleh Art Nouveau, tetapi terdapat pemadatan, bentuknya curvilinear dan berupa handwriting.",9,Art,art,PROPN,F--,_,7,obl,{'MorphInd': '^art<f>_F--$'},Tidak Berimbuhan
train-s463,Kecamatan Dukuhseti memiliki beberapa lembaga pendidikan mulai tingkat TK hingga SMA yang terdiri: * SMP Negeri 1 Dukuhseti * SMP Negeri 2 Dukuhseti * SMP BOPKRI 3 * SMP AKN Marzuqi * MTs Arridlo Ngagel * MTs Madarijul Huda Kembang * MTs Manahijul Huda Ngagel * MTs Mambaul Ulum Grogolan * MTs Mathaliul Huda Bakalan * MTs Miftahul Falah Puncel * MTs Minsya 'ul Wathon Grogolan * MTs Tarbiyatul Banin Banat Alasdowo * MA Madarijul Huda Kembang * MA Manahijul Huda Ngagel * MA Tarbiyatul Banin Banat Alasdowo * SMK Manahijul Huda Ngagel * SMK Manba' ul Huda Kembang Dukuhseti Pati * SMK Telkom Terpadu AKN Marzuqi * SMA BOPKRI 3,54,Mathaliul,mathaliul,PROPN,X--,_,53,flat,{'MorphInd': '^mathaliul<x>_X--$'},Tidak Berimbuhan
train-s1814,Segera setelah itu Dinasti Goryeo diproklamasikan dan Wang Geon pergi untuk mengalahkan negara tetangganya Silla dan Hubaekje untuk menyatukan kembali Tiga Kerajaan pada tahun 936.,7,dan,dan,CCONJ,H--,_,10,cc,{'MorphInd': '^dan<h>_H--$'},Tidak Berimbuhan
train-s3506,"Seorang penatua yang tertahbis mengenakan stola dengan cara yang sama dengan imam - imam Anglikan dan Katolik Ritus Latin, karena jabatan penatua dalam gereja ini setara dengan jabatan imam dalam Gereja Anglikan atau Katolik.",10,sama,sama,ADJ,ASP,"{'Degree': 'Pos', 'Number': 'Sing'}",8,amod,{'MorphInd': '^sama<a>_ASP$'},Tidak Berimbuhan
train-s18,Lambda Indonesia dan organisasi sejenis lainnya bermunculan pada akhir tahun 1980 - an dan 1990 - an.,9,akhir,akhir,NOUN,NSD,{'Number': 'Sing'},10,amod,{'MorphInd': '^akhir<n>_NSD$'},Tidak Berimbuhan
train-s3533,"Film ini juga dipenuhi bintang film Indonesia, tercatat ada sembilan nama peraih piala citra yang berkolaborasi secara sempurna untuk menyajikan tontonan yang berkualitas.",14,piala,piala,NOUN,NSD,{'Number': 'Sing'},13,compound,{'MorphInd': '^piala<n>_NSD$'},Tidak Berimbuhan
train-s1316,"Sebelumnya, Ankara dikenal dengan nama Angora atau Engürü; pada masa Romawi dikenal sebagai Ancyra; dan pada masa Hellenistik sebagai Áŋkyra.",11,pada,pada,ADP,R--,_,12,case,{'MorphInd': '^pada<r>_R--$'},Tidak Berimbuhan
train-s3492,Oh! My Lady () adalah drama televisi komedi romantis di Seoul Korea dibawah Saluran SBS. Pertama disiarkan pada 22 Maret 2010.,14,Korea,korea,PROPN,NSD,{'Number': 'Sing'},13,flat,{'MorphInd': '^korea<n>_NSD$'},Tidak Berimbuhan
train-s2894,"Dalam serial klasik Transformers ini Mirage bisa berubah menjadi mobil F1 tim Ligier, yaitu Ligier JS11 - Ford. Mobil F1 ini dikendarai oleh Jacques Laffite pada tahun 1980 - an, dan logo Citanes merupakan nama samaran untuk brand rokok Gitanes.",19,Ford,ford,PROPN,F--,_,17,flat,"{'SpaceAfter': 'No', 'MorphInd': '^ford<f>_F--$'}",Tidak Berimbuhan
train-s859,Terdapat sejumlah tokoh yang disebut sebagai Pangeran namun pangeran pertama yang definitif tidak muncul sampai abad ke - 11.,10,pertama,pertama,NUM,CO-,{'NumType': 'Card'},9,nummod,{'MorphInd': '^pertama<c>_CO-$'},Tidak Berimbuhan
train-s3266,Pippen akan memenuhi syarat untuk terpilih dalam Basketball Hall of Fame pada tahun 2010.,14,2010,2010,NUM,CC-,{'NumType': 'Card'},13,nummod,"{'SpaceAfter': 'No', 'MorphInd': '^2010<c>_CC-$'}",Tidak Berimbuhan
train-s3159,"Sekitar 18 tahun lalu, Igor Akrapovic memulai kariernya sebagai tukang insinyur knalpot.",1,Sekitar,sekitar,ADP,D--,_,3,case,{'MorphInd': '^sekitar<d>_D--$'},Tidak Berimbuhan
train-s2665,"Band ini selain memiliki Max dan Igor Cavalera juga mengajak gitaris Marc Rizzo yang juga berasal dari Soulfly untuk bergabung plus bassist Joe Duplantier yang dikenal sebagai gitaris sekaligus vokalis di band metal asal Prancis, Gojira).",37,Gojira,gojira,PROPN,X--,_,35,appos,"{'SpaceAfter': 'No', 'MorphInd': '^gojira<x>_X--$'}",Tidak Berimbuhan
train-s2762,Kode ISOnya adalah XAU. Emas melebur dalam bentuk cair pada suhu sekitar 1000 derajat celcius.,12,suhu,suhu,NOUN,NSD,{'Number': 'Sing'},7,obl,{'MorphInd': '^suhu<n>_NSD$'},Tidak Berimbuhan
train-s331,"Tanjung adalah desa di kecamatan Tirto, Pekalongan, Jawa Tengah, Indonesia.",3,desa,desa,NOUN,NSD,{'Number': 'Sing'},0,root,{'MorphInd': '^desa<n>_NSD$'},Tidak Berimbuhan
train-s4302,"Sementara dalam film itu sendiri, scene lagu ini diawali dengan Sherina bermain piano, mengenang kebersamaannya bersama teman - temannya, kemudian ia menghampiri ibunya dan bernyanyi bersamanya.",5,sendiri,sendiri,ADJ,ASP,"{'Degree': 'Pos', 'Number': 'Sing'}",3,amod,"{'SpaceAfter': 'No', 'MorphInd': '^sendiri<a>_ASP$'}",Tidak Berimbuhan
train-s2321,"Bandar Udara Taichung (), umumnya dikenal sebagai Bandar Udara Ching Chuan Kang Taichung (), adalah salah satu bandara yang terletak di Kota Taichung, Taiwan untuk tujuan komersial dan militer.",20,salah,salah,DET,ASP,"{'Degree': 'Pos', 'Number': 'Sing'}",22,det,{'MorphInd': '^salah<a>_ASP$'},Tidak Berimbuhan
train-s1740,"Ketika kabar berakhirnya perang berakhir, para interniran (buangan) di sana tidak segera dibebaskan.",15,segera,segera,ADV,D--,_,16,advmod,{'MorphInd': '^segera<d>_D--$'},Tidak Berimbuhan
train-s3918,"Letaknya yang tidak jauh dari Kebun Binatang Ragunan dan Masjid Kubah Emas, menjadikan daerah ini sangat strategis.",7,Binatang,binatang,PROPN,NSD,{'Number': 'Sing'},6,flat,{'MorphInd': '^binatang<n>_NSD$'},Tidak Berimbuhan
train-s2981,"Tahun - tahun awal ekspansi Islam digambarkan sangat buruk baik dalam bidang sosial, sejarah, maupun psikologis oleh beberapa sejarawan.",17,maupun,maupun,CCONJ,H--,_,18,cc,{'MorphInd': '^maupun<h>_H--$'},Tidak Berimbuhan
train-s626,"Rock telah dikritik oleh beberapa tokoh agama Kristen, yang telah dikutuk sebagai tidak bermoral, anti - Kristen dan bahkan setan. Namun, Christian rock mulai berkembang pada akhir 1960 - an, terutama muncul pada awal gerakan Yesus di California Selatan, dan muncul sebagai sub - genre pada 1970 - an dengan artis seperti Larry Norman, yang biasanya dianggap sebagai ""bintang"" besar pertama dari Christian rock. Genre ini sangat populer di Amerika Serikat.",10,yang,yang,PRON,S--,{'PronType': 'Rel'},12,nsubj:pass,{'MorphInd': '^yang<s>_S--$'},Tidak Berimbuhan
train-s2806,"Masa kepemimpinan Drs. Giat Suwarno hanya sampai tahun 1990, yang selanjutnya digantikan oleh M. Saud, BA. yang sebelumnya menjabat sebagai Kepala SMA Negeri 75 Jakarta, dan pada tahun 1993 kembali terjadi pergantian pimpinan SMA 62 dengan masuknya Dra. Aisyah Kasim menggantikan M. Saud, BA, pada tahun 1994 terjadi pergantian pimpinan SMA 62 dengan masuknya Drs. H. Sri Kuntjara HS periode 1995 - 1997, Pada Tahun 1997 terjadi pergantian pimpinan SMA 62 dengan masuknya Dra. Hj. Mastucha, M. Sc dari periode 1997 - 2001, Pada Tahun 2001 terjadi pergantian pimpinan SMA Negeri 62 dengan masuknya Dra. Hj. Dahniar masa periode 2001 - 2004, Pada Tahun 2004 terjadi pergantian pimpinan SMA Negeri 62 dengan masuknya Dra. Hj. Endang Gumilang Trimukti, M. Pd masa periode 2004 - 2007, Pada Tahun 2007 terjadi pergantian pimpinan SMA 62 dengan masuknya Dra. Endang Sulistyowati masa periode 2007 - 2010, Pada Tahun 2010 terjadi pergantian pimpinan SMA 62 dengan masuknya Drs. HM Yatim Hamid sampai 2012.",2,kepemimpinan,kepemimpinan,NOUN,NSD,{'Number': 'Sing'},1,compound,{'MorphInd': '^kepemimpinan<n>_NSD$'},Konfiks
train-s968,"Sebelumnya Kesultanan Banjar membayar upeti kepada Kesultanan Demak, tetapi pada masa Kesultanan Pajang penerus Kesultanan Demak, Kesultanan Banjar tidak lagi mengirim upeti ke Jawa. Supremasi Jawa terhadap Banjarmasin, dilakukan lagi oleh Tuban pada tahun 1615 untuk menaklukkan Banjarmasin dengan bantuan Madura (Arosbaya) dan Surabaya, tetapi gagal karena mendapat perlawanan yang sengit.",58,sengit,sengit,ADJ,ASP,"{'Degree': 'Pos', 'Number': 'Sing'}",56,amod,"{'SpaceAfter': 'No', 'MorphInd': '^sengit<a>_ASP$'}",Tidak Berimbuhan
train-s3735,The Ravens telah memenangkan 2 kejuaraan nasional American Football pada tahun 2000 dan pada tahun 2012 di Super Bowl Championships.,19,Bowl,bowl,PROPN,F--,_,18,flat,{'MorphInd': '^bowl<f>_F--$'},Tidak Berimbuhan
train-s1567,"Gunung ini mempunyai beberapa puncak, di antaranya Puncak Salak I dan Salak II. Letak astronomis puncak gunung ini ialah pada 6 ° 43 'LS dan 106 ° 44' BT. Tinggi puncak Salak I 2.211 m dan Salak II 2.180 m dpl.",45,m,m,NOUN,F--,_,42,compound,{'MorphInd': '^m<f>_F--$'},Tidak Berimbuhan
train-s820,"Adapaun hal - hal lain yang diletakkan pada beberapa bagian tubuh mayat yaitu daun ntaran (pada kening), pusuh menuh (pada lubang hidung), cermin (kedua mata), baja (pada gigi), dan pada kemaluan diletakkan dau tuwung atau terung bagi laki - laki serta bagi perempuan diletakkan dau tunjung atau teratai.",37,pada,pada,ADP,R--,_,38,case,{'MorphInd': '^pada<r>_R--$'},Tidak Berimbuhan
train-s3322,Dari hal - hal tersebut jelas bahwa lembaga kepresidenan (presiden dan wakil presiden) hanya bersifat sementara seiring pemberlakuan konstitusi sementara dan akan berakhir dengan lembaga kepresidenan menurut konstitusi tetap yang akan dibuat.,29,menurut,menurut,ADP,R--,_,30,case,{'MorphInd': '^menurut<r>_R--$'},Prefiks
train-s1865,"Dennett kemudian bertanya, ``begitu mesin kita ada di Panama, haruskah kita mengatakan bahwa keadaan yang biasa kita sebut Q masih terjadi?",21,sebut,sebut,VERB,VSA,"{'Number': 'Sing', 'Voice': 'Act'}",17,acl,{'MorphInd': '^sebut<v>_VSA$'},Tidak Berimbuhan
train-s2365,Andara bertanya ini villa siapa?,1,Andara,andara,PROPN,X--,_,2,nsubj,{'MorphInd': '^andara<x>_X--$'},Tidak Berimbuhan
train-s3750,"Selama 7 hari, orang - orang Israel mengelilingi kota itu dengan dipimpin oleh para imam yang membawa Tabut Perjanjian dan meniup Shofar (tanduk kambing).",10,kota,kota,NOUN,NSD,{'Number': 'Sing'},9,obj,{'MorphInd': '^kota<n>_NSD$'},Tidak Berimbuhan
train-s945,Komisi Kepausan untuk Amerika Latin adalah sebuah departemen dalam Kuria Romawi.,3,untuk,untuk,ADP,R--,_,4,case,{'MorphInd': '^untuk<r>_R--$'},Tidak Berimbuhan
train-s1843,Tak dapat disangkal jika ‎ kemenangan tersebut akhirnya mengubah jalan hidup wanita ‎ kelahiran Bandung ini.,14,kelahiran,kelahiran,NOUN,NSD,{'Number': 'Sing'},12,compound,{'MorphInd': '^ke+lahir<v>+an_NSD$'},Konfiks
train-s580,"Kemiringan lereng Kabupaten Tojo Una – una dapat diklasifikasikan sebagai berikut: Kabupaten Tojo Una – una dipengaruhi oleh dua musim yang tetap, yakni Musim Barat dan Musim Timur dengan iklim tropis, curah hujan berkisar 1.200 - 4.100 mm / tahun dan temperaturnya berkisar 17 – 33º C, sedangkan kelembaban udara antara 74 % - 82 % dan kecepatan angin berkisar 3 - 6 knot.",35,curah,curah,NOUN,VSA,"{'Number': 'Sing', 'Voice': 'Act'}",37,nsubj,{'MorphInd': '^curah<v>_VSA$'},Tidak Berimbuhan
train-s2880,"Lembaga Biologi Molekul Eijkman, Jakarta, secara khusus memiliki laboratorium bioinformatika sebagai fasilitas penunjang kegiatan risetnya.",16,kegiatan,kegiatan,NOUN,NSD,{'Number': 'Sing'},14,compound,{'MorphInd': '^ke+giat<n>+an_NSD$'},Konfiks
train-s2188,Save My Soul adalah nama album musik ketiga Padi. Album ini diluncurkan pada tanggal 18 Juni 2003.,13,diluncurkan,diluncurkan,VERB,VSP,"{'Number': 'Sing', 'Voice': 'Pass'}",5,dep,{'MorphInd': '^di+luncur<v>+kan_VSP$'},Konfiks
train-s4307,"Misalnya, orang dengan kerusakan pada bagian tertentu dari otak menderita cacat tertentu yang tidak mampu mengenali wajah (prospagnosia).",14,yang,yang,PRON,S--,{'PronType': 'Rel'},17,nsubj,{'MorphInd': '^yang<s>_S--$'},Tidak Berimbuhan
train-s2621,RX - 78 - 2 juga menerima banyak kemunculan kameo di anime Sersan Keroro. Klasifikasi model keluaran Bandai yang sekarang juga menggunakan kepala Gundam sebagai ikon.,21,sekarang,sekarang,ADV,D--,_,16,advmod,{'MorphInd': '^sekarang<d>_D--$'},Tidak Berimbuhan
train-s4224,"Juga termasuk yang ada Serambi FM di Banda Aceh, Bpost FM Banjarmasin, Garantung FM Palangka Raya, Sumasli Sonora Purwokerto, dan Kalimaya Bhaskara Malang.",7,di,di,ADP,R--,_,8,case,{'MorphInd': '^di<r>_R--$'},Tidak Berimbuhan
train-s1421,Vertebrata yang diserang oleh parasit ini adalah mamalia.,4,oleh,oleh,ADP,R--,_,5,case,{'MorphInd': '^oleh<r>_R--$'},Tidak Berimbuhan
train-s611,"Menurut pendapat Moshaddeq, kehancuran Khilafah Islamiyah tahun 1923 merupakan akhir dari zaman peradaban Islam yang diajarkan Muhammad Saw dan dalam fase stagnan (tanpa kepemimpinan) ummat Islam akan menghadapi kegelapan (layl) dan pada masa menjelang kebangkitan Islam ke - dua ummat Islam mesti melakukan persiapan berdasarkan amsal salat malam qiyaamu llayl, yang kemudian di waktu shubuh saat matahari (amsal Nur Allah) mulai terbit dan bulan (Nur Kenabian) mulai tenggelam perjuangan ummat Islam secara aktif mulai dilaksanakan dipimpin oleh seorang pembawa Risalah diteruskan oleh Khalifah selama 700 tahun.",9,1923,1923,NUM,CC-,{'NumType': 'Card'},8,nummod,{'MorphInd': '^1923<c>_CC-$'},Tidak Berimbuhan
train-s3285,"Selain itu buku - bukunya adalah Kusni Kasdut (Gramedia, 1981), Politik Kerakyatan saduran dalam bentuk cergam dari The Discourses on Livy (Italian: Discorsi sopra la prima deca di Tito Livio) karya Niccolò Machiavelli (KPG, 1997), buku pegangan wartawan Vademekum Wartawan: Reportase Dasar (KPG, 1997), Matinya Ilmu Ekonomi 1, saduran dalam bentuk cergam dari The Death of Economics karya Paul Ormerod (KPG, 1997), Pesona Bahasa Nusantara Menjelang Abad ke - 21 (KPG, 1999), kumpulan cerpen Tawanan (PBK, 2003), terjemahan Batas Nalar: Rasionalitas dan Perilaku Manusia (KPG, 2004).",42,KPG,kpg,PROPN,X--,_,38,appos,"{'SpaceAfter': 'No', 'MorphInd': '^kpg<x>_X--$'}",Tidak Berimbuhan
train-s105,"Mengagumi Yukari, dan perlahan jatuh cinta pada sang direktur VB Rose, tak peduli walaupun Yukari sering sekali melakukan KDRT. Pemilik sekaligus desainer di VB Rose. Orang yang satu ini sangat dingin.",21,KDRT,kdrt,NOUN,X--,_,20,obj,"{'SpaceAfter': 'No', 'MorphInd': '^kdrt<x>_X--$'}",Tidak Berimbuhan
train-s354,Bentuk mahkota ditambah ke dalam bentuk bendera pada 1937 saat kerajaan Liechtenstein sadar semasa Olimpiade 1936 bahwa bendera mereka mirip bendera Haiti.,8,pada,pada,ADP,R--,_,3,case,{'MorphInd': '^pada<r>_R--$'},Tidak Berimbuhan
train-s884,Perlu adanya sebuah model diagnosa yang menyertakan keseluruhan hidup anak dan mengevaluasi hambatan - hambatan dan kesulitan anak sebagaimana juga terhadap kemampuan - kemampuan dan keterampilan - keterampilan anak sendiri.,21,terhadap,terhadap,ADP,R--,_,22,case,{'MorphInd': '^terhadap<r>_R--$'},Tidak Berimbuhan
train-s3711,"Air Tawar Timur adalah salah satu kelurahan di Kecamatan Padang Utara, Padang, Sumatera Barat, Indonesia.",4,adalah,adalah,AUX,O--,_,7,cop,{'MorphInd': '^adalah<o>_O--$'},Tidak Berimbuhan
train-s1366,"Court 1 telah menjadi tempat terjadinya berbagai kekalahan Perancis Terbuka yang mengejutkan, seperti kemenangan ronde ketiga Gustavo Kuerten yang tak diduga atas Thomas Muster tahun 1997 Thomas Muster tahun 1997, dalam karirnya menuju kemenangan pertama dari tiga kemenangan yang dicapainya; dan kekalahan Gabriela Sabatini - setelah memimpin 6 – 1, 5 – 1 dan lima poin pertandingan - atas Mary Joe Fernandez pada perempat final 1993.",65,Joe,joe,PROPN,F--,_,64,flat,{'MorphInd': '^joe<f>_F--$'},Tidak Berimbuhan
train-s675,"Mekanisme Flow control yang sudah umum digunakan adalah Stop and Wait dan Sliding window, berikut ini akan dijelaskan kedua mekanisme tersebut.",3,control,control,NOUN,F--,_,2,compound,{'MorphInd': '^control<f>_F--$'},Tidak Berimbuhan
train-s2735,"Tornado ADV pada akhirnya diperkenalkan untuk berperan sedemikian pada dasawarsa 1980 - an, dan masih digunakan sampai sekarang.",15,dan,dan,CCONJ,H--,_,17,cc,{'MorphInd': '^dan<h>_H--$'},Tidak Berimbuhan
train-s3915,Dari uraian di atas dapat dikatakan bahwa “dikatoba” berarti diislamkan.,4,atas,atas,NOUN,ASP,"{'Degree': 'Pos', 'Number': 'Sing'}",2,nmod,{'MorphInd': '^atas<a>_ASP$'},Tidak Berimbuhan
train-s552,"Terdapat sebuah papan peringatan untuk tidak merusak dan melindungi peningalan purbakala ini yang ketika itu masih memakai memomentum Ordonantie Stbl 1931 - 238 sebelum diterbitkan UU No. 5 tahun 1992 tentang benda cagar budaya Pantai Pasir Putih adalah pantai yang terletak di pelabuhan Pulau Panjang bagian Utara mempunyai pantai sepanjang 1 Km, termasuk bibir pantai yang dipakai pemukiman warga setempat, batas pantai ini dari Pagedongan samapai Pantai Muneer.",32,tentang,tentang,ADP,VSA,"{'Number': 'Sing', 'Voice': 'Act'}",33,case,{'MorphInd': '^tentang<v>_VSA$'},Tidak Berimbuhan
train-s2287,"Pinggiran kota Wetaskiwin bagian barat laut ditempati oleh perbukitan dengan tanah berpasir (dulunya bukit pasir), selama pinggiran kota bagian tenggara sangat tipis dengan tanah lumpur.",27,tanah,tanah,NOUN,NSD,{'Number': 'Sing'},25,nmod,{'MorphInd': '^tanah<n>_NSD$'},Tidak Berimbuhan
train-s827,Beliau memulainya dari daerah Jawa Barat.,5,Jawa,jawa,PROPN,NSD,{'Number': 'Sing'},4,flat,{'MorphInd': '^jawa<n>_NSD$'},Tidak Berimbuhan
train-s502,"GameFAQs dimulai dengan nama Video Game FAQ Archive pada 5 November, 1995.",13,1995,1995,NUM,CC-,{'NumType': 'Card'},11,nummod,"{'SpaceAfter': 'No', 'MorphInd': '^1995<c>_CC-$'}",Tidak Berimbuhan
train-s4055,Liga Utama Belarus atau Vysheyshaya Liga () adalah liga sepak bola antar klub pada tingkat tertinggi di Belarus.,9,adalah,adalah,AUX,O--,_,10,cop,{'MorphInd': '^adalah<o>_O--$'},Tidak Berimbuhan
train-s2402,"Seni ini tumbuh pesat terutama di Amerika Selatan, yang kemudian menjadi pelopor kerajinan perkamen.",10,yang,yang,PRON,S--,{'PronType': 'Rel'},12,nsubj,{'MorphInd': '^yang<s>_S--$'},Tidak Berimbuhan
train-s1706,"Sarana olah ragapun tidak luput dari pemikiran mereka, maka dibangun pula lapangan sepak bola.",6,dari,dari,ADP,R--,_,7,case,{'MorphInd': '^dari<r>_R--$'},Tidak Berimbuhan
train-s1599,"Sebagian besar dari 2000 tahun sejarahnya, Gereja telah menjadi sumber utama dari perkembangan pendidikan, ilmu pengetahuan dan ekonomi, dan menjadi penyumbang berbagai pelayanan sosial di banyak negara di seluruh dunia.",17,ilmu,ilmu,NOUN,NSD,{'Number': 'Sing'},15,conj,{'MorphInd': '^ilmu<n>_NSD$'},Tidak Berimbuhan
train-s1881,"Objek wisata yang dapat dikunjungi di Barabai adalah objek wisata sungai pegunungan Pagat Batu Benawa yang terletak 7 km dari kota Barabai, objek wisata sungai pegunungan Lok Laga yang terletak 15 km dari kota berada di kecamatan Haruyan, objek wisata air panas yang terletak 10 km dari kota yang berada di desa Hantakan File: COLLECTIE TROPENMUSEUM Djatilaan te Barabei Borneo TMnr 10008029. jpg | Jalan dengan pohon jati di Barabai di masa Hindia Belanda Berkas: COLLECTIE TROPENMUSEUM Eedafneming bij lokale inwoners te Barabai met in het midden JJ Meijer de assistent - resident van Amoetai (residentie Zuidoost Borneo) TMnr 10001594. jpg | JJ Meijer, assistent - resident Amuntai bersama warga Barabai Berkas: COLLECTIE TROPENMUSEUM Inlandse school te Barabai Zuidoost - Borneo TMnr 10002382. jpg | Inlandse school (""sekolah untuk pribumi"" di Barabai di masa Hindia Belanda",15,Benawa,benawa,PROPN,X--,_,14,flat,{'MorphInd': '^benawa<x>_X--$'},Tidak Berimbuhan
train-s2395,"Ilmu sejarah memiliki dosen berdedikasi tinggi dalam sejarah misalnya Prof. PJ Suwarno. SH, Drs. G. Moedjanto, DR FX Baskara Tulus Wardaya, SJ, Drs. H. Purwanta, M. Hum, Dra. Lucia Juningsih, M. Hum. Fakultas Sains dan Teknologi merupakan penggabungan Fakultas Teknik dan Fakultas Matematika Ilmu Pengetahuan Alam. Proses penggabungan tersebut terjadi pada 1 Agustus 2007; tanggal tersebut saat ini merupakan tanggal kelahiran FST. Ide dasar dari penggabungan FT dan FMIPA berasal dari kebutuhan akan sinerginya ilmu - ilmu dasar dengan ilmu - ilmu terapan dalam memenuhi kebutuhan dan pemberdayaan masyarakat atas sains dan teknologi Program Studi Teknik Informatika mempersiapkan mahasiswa untuk menjadi lulusan S1 yang berkompeten.",91,dari,dari,ADP,R--,_,92,case,{'MorphInd': '^dari<r>_R--$'},Tidak Berimbuhan
train-s614,"Namun, ada pula yang mengatakan bahwa setidaknya ada 2 spesies manta: yang satu berukuran besar dan suka bermigrasi, sementara yang satunya lagi berukuran lebih kecil dan lebih suka menetap.",26,berukuran,berukuran,VERB,VSA,"{'Number': 'Sing', 'Voice': 'Act'}",3,advcl,{'MorphInd': '^ber+ukur<v>+an_VSA$'},Konfiks
train-s1854,Jangkauan keluar Gereja Advent melayani orang - orang non - Kristen dan orang Kristen dari satuan lain.,14,Kristen,kristen,PROPN,NSD,{'Number': 'Sing'},13,amod,{'MorphInd': '^kristen<n>_NSD$'},Tidak Berimbuhan
train-s1729,Penyebab dari tragedi Bubat adalah kegagalan Gajah Mada untuk memenuhi sumpahnya yang dikenal sebagai Sumpah Palapa.,13,dikenal,dikenal,VERB,VSP,"{'Number': 'Sing', 'Voice': 'Pass'}",11,acl,{'MorphInd': '^di+kenal<v>_VSP$'},Prefiks
train-s383,Apakah letak kampung Silungkang di sana juga diapit oleh bukit-bukit yang tinggi dan apakah juga hadiah dari Kerajaan di Periangan Padang Pajang?,21,Padang,padang,PROPN,NSD,{'Number': 'Sing'},20,flat,{'MorphInd': '^padang<n>_NSD$'},Tidak Berimbuhan
train-s2574,"Chicago Union Station Company (kode AAR CUST) adalah perusahan yang memiliki bangunan stasiun dan rel kereta yang memasuki Union Station di Chicago, Amerika Serikat.",15,stasiun,stasiun,NOUN,NSD,{'Number': 'Sing'},14,compound,{'MorphInd': '^stasiun<n>_NSD$'},Tidak Berimbuhan
train-s1521,"Meskipun belum ada keputusan resmi mengenai kenaikan statusnya sebagai anggota, ia tetap dipilih sebagai pemeran reguler.",13,tetap,tetap,ADV,ASP,"{'Degree': 'Pos', 'Number': 'Sing'}",14,advmod,{'MorphInd': '^tetap<a>_ASP$'},Tidak Berimbuhan
train-s3734,Salah seorang tampak berdiri di tengah lingkaran massa dengan membawa tongkat berbendera Merah Putih yang dikibarkan setengah tinggi tongkat.,2,seorang,seorang,PRON,B--,{'PronType': 'Ind'},1,fixed,{'MorphInd': '^seorang<b>_B--$'},Tidak Berimbuhan
train-s1122,"Dalam album ini, lagu Aku Cinta Dia ciptaan Adjie Soetama adalah lagu Chrisye yang sangat fenomenal dan membuat popularitas Chrisye menanjak tajam dan melambungkan namanya menjadi penyanyi tersohor se - tanah air.",32,tanah,tanah,NOUN,NSD,{'Number': 'Sing'},28,compound,{'MorphInd': '^tanah<n>_NSD$'},Tidak Berimbuhan
train-s2852,Begitu pula pada Peristiwa Permesta tahun 1957 sampai dengan tahun 1959 ditempat ini pula terjadinya pertempuran pertama antara Tentara Pusat atau TNI yang dating dari arah Selatan dan dibantu oleh masyarakat setempat yang dikomandoi oleh Kapten Daan Olii berhadapan dengan tentara Permesta dikomandoi oleh Kapten Mawikere dan Kapten Pantouw yang dating dari arah Kotamobagu dengan dibatasi oleh Sungai Ongkag yang membelah Desa Mopait sebagai pusat pertahanan masing - masing pihak. (Kapten Daan Olii tercatat pernah menjabat Bupati di Bolaang Mongondow).,61,membelah,menbelah,VERB,VSA,"{'Number': 'Sing', 'Voice': 'Act'}",58,acl,{'MorphInd': '^meN+belah<v>_VSA$'},Prefiks
train-s3060,Ia terpilih pada tanggal 4 November 2012.,6,November,november,PROPN,NSD,{'Number': 'Sing'},4,nmod,{'MorphInd': '^november<n>_NSD$'},Tidak Berimbuhan
train-s2759,Moody's Corporation () adalah perusahaan induk dari Moody's Investors Service yang menyediakan jasa analisis keuangan dan analisis atas lembaga usaha dan lembaga pemerintah. Perusaahan ini juga memberikan peringkat atas kelayakan kredit dari peminjam dengan menggunakan peringkat standar.,21,usaha,usaha,NOUN,NSD,{'Number': 'Sing'},20,compound,{'MorphInd': '^usaha<n>_NSD$'},Tidak Berimbuhan
train-s1865,"Dennett kemudian bertanya, ``begitu mesin kita ada di Panama, haruskah kita mengatakan bahwa keadaan yang biasa kita sebut Q masih terjadi?",24,terjadi,terjadi,VERB,VSP,"{'Number': 'Sing', 'Voice': 'Pass'}",15,ccomp,"{'SpaceAfter': 'No', 'MorphInd': '^terjadi<v>_VSP$'}",Prefiks
train-s2303,Tiang - tiang yang terbuat dari bata merah dengan bahan perekat kapur dicampur putih telur ini sama sekali tidak menggunakan tulang besi.,19,tidak,tidak,PART,G--,{'Polarity': 'Neg'},20,advmod,{'MorphInd': '^tidak<g>_G--$'},Tidak Berimbuhan
train-s3158,"Selain itu, UPT - PUSKOM juga bertugas menyediakan jasa untuk mengolah daftar gaji pegawai dan EWMP. Dengan adanya kerjasama antara UNIMAL dan PT. Telekomunikasi Indonesia Provinsi Nanggroe Aceh Darussalam, maka UNIMAL yang memiliki beberapa kampus di tengah kota telah merancang sistem jaringan komputer (Local Area Network) antar gedung dengan memanfaatkan fasilitas koneksi internet (dedicated line) dan integrated information system. Software (perangkat lunak) yang digunakan oleh UPT - PUSKOM adalah microsoft base application, sistem operasi windows 2000, windows XP professional edition, dan sistem operasi linux, dengan beberapa aplikasi tambahan seperti: visio 2000 professional edition, auto CAD 2000, microsoft office 2000, adobe photosop 7.0, dan beberapa aplikasi lainnya yang ter - install di berbagai komputer client di lingkungan Kampus UNIMAL.",128,ter,ter,VERB,NSD,{'Number': 'Sing'},130,dep,{'MorphInd': '^ter<n>_NSD$'},Tidak Berimbuhan
train-s3218,PT Sampoerna Telekomunikasi Indonesia (STI atau Sampoerna Telekom) merupakan penyedia jasa telekomunikasi selular mobilitas penuh di Indonesia.,6,STI,sti,PROPN,VSA,"{'Number': 'Sing', 'Voice': 'Act'}",3,appos,{'MorphInd': '^st<f>+i_VSA$'},Tidak Berimbuhan
train-s2367,Tanaman ini tidak perlu cahaya matahari yang terlalu banyak sehingga dapat tumbuh subur di tempat - tempat yang agak terlindung.,9,banyak,banyak,ADV,B--,"{'NumType': 'Card', 'PronType': 'Ind'}",5,advmod,{'MorphInd': '^banyak<b>_B--$'},Tidak Berimbuhan
train-s319,"Bahkan pada akhir abad ke - 20, gerakan antimerokok di Jerman pasca perang tidak mencapai pengaruh kampanye antimerokok Nazi. Sentimen antitembakau ada di Jerman pada awal abad 20.",30,20,20,NUM,CC-,{'NumType': 'Card'},29,nummod,"{'SpaceAfter': 'No', 'MorphInd': '^20<c>_CC-$'}",Tidak Berimbuhan
train-s1389,"Produksi sayur - sayuran yang terbanyak adalah semangka sebanyak 48 Kw, menyusul terung 24 Kw dan kacang panjang sebanyak 8 Kw. Pada tahun 2005 produksi perkebunan rakyat yang tertinggi adalah kelapa dalam yaitu sebanyak 14.641, 98 ton, menyusul kakao 10.201, 54 ton, jambu mete 5.569, 35 ton, kelapa hibrida 2.136, 63 ton, aren / enau 1.214 ton, kopi 549, 7 ton sedangkan yang terendah produksinya adalah tanaman pala yang hanya mencapai satu ton.",2,sayur,sayur,NOUN,NSD,{'Number': 'Sing'},1,compound,{'MorphInd': '^sayur<n>_NSD$'},Tidak Berimbuhan
train-s4192,"Pada umumnya, CNS disebabkan oleh defisiensi komponen penyusun glomerular filtration barrier, terutama nefrin dan podosin.",2,umumnya,umumnya,NOUN,B--,_,5,obl,"{'SpaceAfter': 'No', 'MorphInd': '^umumnya<b>_B--$'}",Sufiks
train-s2395,"Ilmu sejarah memiliki dosen berdedikasi tinggi dalam sejarah misalnya Prof. PJ Suwarno. SH, Drs. G. Moedjanto, DR FX Baskara Tulus Wardaya, SJ, Drs. H. Purwanta, M. Hum, Dra. Lucia Juningsih, M. Hum. Fakultas Sains dan Teknologi merupakan penggabungan Fakultas Teknik dan Fakultas Matematika Ilmu Pengetahuan Alam. Proses penggabungan tersebut terjadi pada 1 Agustus 2007; tanggal tersebut saat ini merupakan tanggal kelahiran FST. Ide dasar dari penggabungan FT dan FMIPA berasal dari kebutuhan akan sinerginya ilmu - ilmu dasar dengan ilmu - ilmu terapan dalam memenuhi kebutuhan dan pemberdayaan masyarakat atas sains dan teknologi Program Studi Teknik Informatika mempersiapkan mahasiswa untuk menjadi lulusan S1 yang berkompeten.",122,lulusan,lulusan,NOUN,NSD,{'Number': 'Sing'},121,obj,{'MorphInd': '^lulus<a>+an_NSD$'},Sufiks
train-s4174,Usaha ini seolah - olah menabrak benteng baja yang berujung maut.,1,Usaha,usaha,NOUN,NSD,{'Number': 'Sing'},6,nsubj,{'MorphInd': '^usaha<n>_NSD$'},Tidak Berimbuhan
train-s2238,Gapai Bintangmu adalah sebuah album musik pertama karya finalis Idola Cilik 1.,12,1,1,NUM,CC-,{'NumType': 'Card'},11,nummod,"{'SpaceAfter': 'No', 'MorphInd': '^1<c>_CC-$'}",Tidak Berimbuhan
train-s1294,"Jalur Bandara, juga dikenal sebagai jalur Jingga berjarak dengan jumlah 6 stasiun dan dioperasikan oleh Delhi Airport Metro Express Pvt. Limited (DAMEL), anak perusahaan di Reliance Infrastructure.",18,Airport,airport,PROPN,F--,_,17,flat,{'MorphInd': '^airport<f>_F--$'},Tidak Berimbuhan
train-s1155,"Ia bertanya, “Bisakah kita membuat sebuah mobil mewah terbaik di dunia?” Pertanyaan Eiji ini membuat Toyota memulai sebuah proyek super - rahasia yang diberi kode F1 (“Flagship” (Unggulan) + “No. 1 vehicle” (Mobil No. 1)).",12,di,di,ADP,R--,_,13,case,{'MorphInd': '^di<r>_R--$'},Tidak Berimbuhan
train-s445,"Dewan Revolusi Indonesia dilahirkan melalui Dekrit yang dikeluarkan oleh Untung di RRI pada 1 Oktober 1965. Dewan Revolusi Indonesia berisi nama - nama yang secara sembarang dimasukkan dengan Presidiumnya: Untuk Spesifikasi daripada Dekrit dan Keputusan Dewan Revolusi Indonesia, dibawah ini diberikan specimen dokumen Dekrit dan Keputusan Dewan Revolusi Indonesia: DEKRIT No. I TENTANG PEMBENTUKAN DEWAN REVOLUSI INDONESIA 1.",30,Presidiumnya,presidium,NOUN,F--+PS3,"{'Number[psor]': 'Sing', 'Person[psor]': '3'}",28,obl,"{'SpaceAfter': 'No', 'MorphInd': '^presidium<f>_F--+dia<p>_PS3$'}",Tidak Berimbuhan
train-s3658,Tapi niatnya untuk melenyapkan Liu Yu akhirnya tetap saja gagal setelah dia terpaksa harus kabur karena dibokong seseorang menggunakan jarum yang beracun ganas.,5,Liu,liu,PROPN,F--,_,4,obj,{'MorphInd': '^liu<f>_F--$'},Tidak Berimbuhan
train-s3189,"Setelah di China, tim RBR menguasai beberapa balapan lain seperti di Inggris, Jerman, Jepang, Brasil, dan balapan pamungkas di Abu Dhabi.",3,China,china,PROPN,F--,_,7,obl,"{'SpaceAfter': 'No', 'MorphInd': '^china<f>_F--$'}",Tidak Berimbuhan
train-s2641,Ultra Magnus adalah nama untuk salah satu karakter robot fiksi dari serial Transformers.,8,karakter,karakter,NOUN,NSD,{'Number': 'Sing'},4,nmod,{'MorphInd': '^karakter<n>_NSD$'},Tidak Berimbuhan
train-s3058,"Dalam versi lain dari mitos ini, Kronos menggulingkan kekuasaan Ofion yang jahat.",1,Dalam,dalam,ADP,NSD,{'Number': 'Sing'},2,case,{'MorphInd': '^dalam<n>_NSD$'},Tidak Berimbuhan
train-s3130,"Tumpahan mani menurut peraturan Taurat dianggap najis, seperti tertulis: ""Apabila seorang laki - laki tertumpah maninya, ia harus membasuh seluruh tubuhnya dengan air dan ia menjadi najis sampai matahari terbenam.",32,sampai,sampai,ADP,R--,_,33,case,{'MorphInd': '^sampai<r>_R--$'},Tidak Berimbuhan
train-s3474,"Sama dengan SD pada umumnya di Indonesia masa pendidikan sekolah di SD Negeri 3 Ngembal Kulon ditempuh dalam waktu enam tahun pelajaran, mulai dari Kelas I sampai Kelas VI.",19,waktu,waktu,NOUN,NSD,{'Number': 'Sing'},17,obl,{'MorphInd': '^waktu<n>_NSD$'},Tidak Berimbuhan
train-s3368,"Bandar Udara Internasional Mehrabad () adalah bandara internasional Teheran, Iran dengan kode IATA THR. Bandar Udara Internasional Mehrabad terdiri dari enam terminal, dimana terminal 1, 3 dan 5 hanya digunakan untuk musim Haji dan Umrah.",19,Udara,udara,PROPN,NSD,{'Number': 'Sing'},18,flat,{'MorphInd': '^udara<n>_NSD$'},Tidak Berimbuhan
train-s1984,"Jawab mereka: ""Kornelius, seorang perwira yang tulus hati dan takut akan Allah, dan yang terkenal baik di antara seluruh bangsa Yahudi, telah menerima penyataan Allah dengan perantaraan seorang malaikat kudus, supaya ia mengundang engkau ke rumahnya dan mendengar apa yang akan kaukatakan.""",23,seluruh,seluruh,DET,B--,{'PronType': 'Tot'},24,det,{'MorphInd': '^seluruh<b>_B--$'},Tidak Berimbuhan
train-s177,"Pulau Sulawesi merupakan gabungan dari 4 jazirah yang memanjang, dengan barisan pegunungan berapi aktif memenuhi lengan jazirah, yang beberapa di antaranya mencapai ketinggian di atas 3.000 meter di atas permukaan laut; tanah subur, ditutupi oleh hutan tropik lebat (primer dan sekunder).",24,mencapai,mencapai,VERB,VSA,"{'Number': 'Sing', 'Voice': 'Act'}",12,acl,{'MorphInd': '^meN+capai<v>_VSA$'},Prefiks
train-s3687,Jordan Nagai () adalah seorang aktor pengisi Suara anak - anak Amerika serikat yang lahir di Los Angeles.,18,Los,los,PROPN,F--,_,16,obl,{'MorphInd': '^los<f>_F--$'},Tidak Berimbuhan
train-s2094,"Bisa saja kita memilih berdasarkan iklan di TV, radio, internet atau media lainnya, tapi apakah pasti benda atau jasa tersebut benar seperti yang terlihat di iklan?",19,pasti,pasti,ADJ,ASP,"{'Degree': 'Pos', 'Number': 'Sing'}",20,amod,{'MorphInd': '^pasti<a>_ASP$'},Tidak Berimbuhan
train-s776,Apakah Nina rela menjual semua prinsip hidupnya demi popularitas di sekolah?,8,demi,demi,ADP,R--,_,9,case,{'MorphInd': '^demi<r>_R--$'},Tidak Berimbuhan
train-s3539,Dengan demikian Pulau Kakaban merupakan satu - satunya pulau di Indonesia yang mempunyai danau di tengahnya.,13,mempunyai,menpunyai,VERB,VSA,"{'Number': 'Sing', 'Voice': 'Act'}",11,acl,{'MorphInd': '^meN+punya<v>+i_VSA$'},Konfiks
train-s267,"Cova - Lima berbatasan dengan Laut Timor di selatan, distrik Bobonaro dan Ainaro di timur, dan Provinsi Nusa Tenggara Timur",20,Nusa,nusa,PROPN,F--,_,19,flat,{'MorphInd': '^nusa<f>_F--$'},Tidak Berimbuhan
train-s830,Bilbo Baggins merupakan seorang karakter hobbit fiksi dalam legendarium JRR Tolkien.,3,merupakan,merupakan,VERB,O--,_,0,root,{'MorphInd': '^merupakan<o>_O--$'},Tidak Berimbuhan
train-s742,Rachmat Gobel juga aktif terlibat menggalakkan pembinaan Koperasi dan Usaha Kecil Menengah (UKM).,9,dan,dan,CCONJ,H--,_,10,cc,{'MorphInd': '^dan<h>_H--$'},Tidak Berimbuhan
train-s3961,"PATTIRO (Pusat Telaah dan Informasi Regional) adalah sebuah organisasi non pemerintah (non government organization) yang didirikan pada tanggal 17 April 1999 di Jakarta, yang mendedikasikan aktivitasnya pada upaya mewujudkan tata pemerintahan yang baik (good governance) dan peningkatan partisipasi publik di Indonesia, terutama pada tingkat lokal.",52,tingkat,tingkat,NOUN,NSD,{'Number': 'Sing'},34,obl,{'MorphInd': '^tingkat<n>_NSD$'},Tidak Berimbuhan
train-s2845,"Dokumen - dokumen yang diajukan Suzuki pada pertemuan yang sama menyarankan bahwa dalam usaha awal diplomatik dengan Uni Soviet, Jepang mengambil pendekatan sebagai berikut: Rusia harus diberi tahu dengan jelas bahwa kemenangannya atas Jerman adalah berkat Jepang, karena kita tetap netral, dan Soviet akan diuntungkan bila membantu Jepang mempertahankan posisinya di dunia internasional, karena musuh mereka di masa depan adalah Amerika Serikat.",22,mengambil,menambil,VERB,VSA,"{'Number': 'Sing', 'Voice': 'Act'}",11,ccomp,{'MorphInd': '^meN+ambil<v>_VSA$'},Prefiks
train-s1302,Zahedan () merupakan kota yang terletak di sebelah timur Iran. Penduduknya berjumlah 580.000 jiwa (2005).,13,Penduduknya,penduduk,NOUN,NSD+PS3,"{'Number': 'Sing', 'Number[psor]': 'Sing', 'Person[psor]': '3'}",14,nsubj,{'MorphInd': '^penduduk<n>_NSD+dia<p>_PS3$'},Tidak Berimbuhan
train-s3240,"Meskipun awalnya ia berhasil menjatuhkan perisai Phillip, ketiga peri memberi kekuatan mereka di dalam pedang pangeran Phillip, yang langsung ia lempar ke arah perut Maleficent dalam bentuk naga, mengenai jantungnya.",33,jantungnya,jantung,NOUN,NSD+PS3,"{'Number': 'Sing', 'Number[psor]': 'Sing', 'Person[psor]': '3'}",32,obj,"{'SpaceAfter': 'No', 'MorphInd': '^jantung<n>_NSD+dia<p>_PS3$'}",Tidak Berimbuhan
train-s3206,"Walaupun database hierarki dan jaringan hadir sebelum database relasional, namun spesifikasi mereka masih secara keseluruhan informal.",7,sebelum,sebelum,ADP,S--,_,8,case,{'MorphInd': '^sebelum<s>_S--$'},Tidak Berimbuhan
train-s834,Puncaknya terjadi ketika SMU Kasuari pimpinan Farah mengejek SMU Cendrawasih.,8,mengejek,menejek,VERB,VSA,"{'Number': 'Sing', 'Voice': 'Act'}",2,advcl,{'MorphInd': '^meN+ejek<v>_VSA$'},Prefiks
train-s3703,"Oleh karena HMPA juga melarutkan kation namun tidak pada anion, ia digunakan sebagai pelarut untuk beberapa reaksi SN2 yang sulit.",20,yang,yang,PRON,S--,{'PronType': 'Rel'},21,nsubj,{'MorphInd': '^yang<s>_S--$'},Tidak Berimbuhan
train-s1449,"Huta Raja merupakan salah satu desa yang ada di kecamatan Simangambat, kabupaten Padang Lawas Utara, provinsi Sumatera Utara, Indonesia.",9,di,di,ADP,R--,_,10,case,{'MorphInd': '^di<r>_R--$'},Tidak Berimbuhan
train-s3911,"Setelah ditunda dua tahun, maskapai mengadakan penerbangan perdana dari New York dan Los Angeles menuju San Francisco pada 8 Agustus 2007.",8,penerbangan,penterbangan,NOUN,NSD,{'Number': 'Sing'},7,obj,{'MorphInd': '^peN+terbang<v>+an_NSD$'},Konfiks
train-s2155,Joel Obi memulai karier juniornya di klub Internazionale kemudian memulai karier seniornya di klub tersebut.,13,di,di,ADP,R--,_,14,case,{'MorphInd': '^di<r>_R--$'},Tidak Berimbuhan
train-s4073,"Berdasarkan Surat Keputusan Menteri Dalam Negeri Nomor: 140 / 502 tanggal 22 September 1980 tentang penetapan desa menjadi kelurahan, maka sejak saat itulah desa Alalak selatan reami menjadi Kelurahan Alalak Selatan wilayah Kecamatan Banjarmasin Utara.",20,kelurahan,kelurahan,NOUN,NSD,{'Number': 'Sing'},19,obj,"{'SpaceAfter': 'No', 'MorphInd': '^ke+lurah<n>+an_NSD$'}",Konfiks
train-s596,Dalam sinteron itu dia berakting menyanyikan beberapa lagu dangdut populer.,1,Dalam,dalam,ADP,NSD,{'Number': 'Sing'},2,case,{'MorphInd': '^dalam<n>_NSD$'},Tidak Berimbuhan
train-s1908,"Karenanya, Inggris memunculkan istilah 'Wahhabi' dan merekayasa berbagai kedustaan dan kejahatan yang mereka lekatkan pada pengikut dakwah Syaikh Ibn Abdil Wahhab, sehingga banyak dari kaum muslimin di negeri - negeri jajahan Inggris yang termakan hasutan tersebut dan serta merta membenci mereka.",23,Abdil,abdil,PROPN,X--,_,22,flat,{'MorphInd': '^abdil<x>_X--$'},Tidak Berimbuhan
train-s896,Bagaimana pula jika peristiwa ``kehabisan cita'' dalam hidup pasangan suami-istri?,2,pula,pula,ADV,D--,_,6,advmod,{'MorphInd': '^pula<d>_D--$'},Tidak Berimbuhan
train-s1093,Ia pernah menjabat sebagai Perdana Menteri Perancis dari tahun 1995 hingga 1997.,12,1997,1997,NUM,CC-,{'NumType': 'Card'},5,nummod,"{'SpaceAfter': 'No', 'MorphInd': '^1997<c>_CC-$'}",Tidak Berimbuhan
train-s3884,"Kondisi geografis Provinsi Maluku bila dilihat dari sisi strategis peluang investasi bisnis dapat diprediksi bahwa sumber daya alam di sektor perikanan dan kelautan dapat dijadikan primadona bisnis di Maluku, selain sektor lainnya seperti pertanian sub sektor peternakan dan perkebunan, sektor perdagangan dan sektor pariwisata serta sektor jasa yang seluruhnya memiliki nilai jual dan potensi bisnis yang cukup tinggi Luas sumber daya darat di Maluku adalah sebesar 54.185 km2, dengan potensi sumber daya hutan: Adapun daerah penghasil tambang dan Mineral di Provinsi Maluku adalah: Provinsi Maluku ditetapkan oleh Menteri KKP (Fadel Mohammad) sebagai Lumbung Ikan Nasional 2030 sejak digelarnya Sail Banda 2010.",11,investasi,investasi,NOUN,NSD,{'Number': 'Sing'},10,compound,{'MorphInd': '^investasi<n>_NSD$'},Tidak Berimbuhan
train-s900,"Sementara kelompok agroindustri yang tetap dapat bertahan pada masa krisis adalah industri mie, pengolahan susu dan industri tembakau yang disebabkan oleh peningkatan permintaan di dalam negeri dan sifat industri yang padat karya.",9,masa,masa,NOUN,NSD,{'Number': 'Sing'},7,obl,{'MorphInd': '^masa<n>_NSD$'},Tidak Berimbuhan
train-s570,"Musa bertanya Samiri, seperti diceritakan dalam al-Quran: ``Berkata Musa; apakah yang mendorongmu berbuat demikian Samiri?",14,apakah,apa,ADV,W--+T--,{'PronType': 'Int'},16,advmod,{'MorphInd': '^apa<w>_W--+kah<t>_T--$'},Tidak Berimbuhan
train-s3803,"Baru tanggal 1 Juli 1952, SMP PIUS dinyatakan berdiri oleh Sr. M. Philomina dan Sr. M. Yosea.",12,Sr,sr,PROPN,F--,_,9,obl,"{'SpaceAfter': 'No', 'MorphInd': '^sr<f>_F--$'}",Tidak Berimbuhan
train-s1541,"Ada yang menyebutnya sebagai bangunan warisan UFO dengan alasan terdapat bangunan mirip piramida ditemukan di Mars yang berada satu lintang derajat yang sama dengan lintang derajat di Bumi, ada pula yang mengatakan peninggalan peradaban Atlantis dan sebagian lagi mengatakan bahwa konstruksi piramida digunakan dengan alasan bahwa pada peradaban lampau, manusia mengalami kesulitan untuk membuat konstruksi kubah.",37,dan,dan,CCONJ,H--,_,40,cc,{'MorphInd': '^dan<h>_H--$'},Tidak Berimbuhan
train-s630,"Mereka akan mengadakan penampilan lain di ""Music Lovers"" pada 25 November 2012.",9,Lovers,lovers,PROPN,X--,_,8,flat,"{'SpaceAfter': 'No', 'MorphInd': '^lovers<x>_X--$'}",Tidak Berimbuhan
train-s2299,"Lele tidak pernah ditemukan di air payau atau air asin, kecuali lele laut yang tergolong ke dalam marga dan suku yang berbeda (Ariidae).",1,Lele,lele,PROPN,X--,_,4,nsubj:pass,{'MorphInd': '^lele<x>_X--$'},Tidak Berimbuhan
train-s658,"Selama pemerintahan Salomo, Israel sebagai bangsa mencapai puncak kuasa, kedamaian, dan kemakmurannya (). Secara politik dan ekonomi masa pemerintahan Salomo menjadi suatu sukses; akan tetapi, secara rohani tergelincirnya Salomo ke dalam penyembahan berhala menjadikan masa pemerintahannya dianggap suatu kegagalan ().",15,kemakmurannya,kemakmuran,NOUN,NSD+PS3,"{'Number': 'Sing', 'Number[psor]': 'Sing', 'Person[psor]': '3'}",9,conj,{'MorphInd': '^ke+makmur<a>+an_NSD+dia<p>_PS3$'},Konfiks
train-s2371,Pembobotan ini membedakan integral garis dengan integral yang lebih sederhana pada suatu selang.,5,garis,garis,NOUN,NSD,{'Number': 'Sing'},4,compound,{'MorphInd': '^garis<n>_NSD$'},Tidak Berimbuhan
train-s3665,"Suatu spesies juga disebut punah secara fungsional, bila beberapa anggotanya masih hidup tetapi tidak mampu berkembang biak, misalnya karena sudah tua, atau hanya ada satu jenis kelamin.",9,bila,bila,SCONJ,S--,_,13,mark,{'MorphInd': '^bila<s>_S--$'},Tidak Berimbuhan
train-s1354,"Dikenal akan kemampuan ekonominya, dia dilantik sebagai Kanselir Jerman pada 29 Maret 1930 setelah runtuhnya pemerintah koalisi Hermann Müller, seorang Demokrat Sosial, dalam usaha memperbaiki krisis ekonomi yang disebabkan Depresi Hebat.",7,dilantik,dilantik,VERB,VSP,"{'Number': 'Sing', 'Voice': 'Pass'}",0,root,{'MorphInd': '^di+lantik<v>_VSP$'},Prefiks
train-s3980,"Piala Interkontinental 1971 adalah seri pertandingan sepak bola pada bulan Desember 1971 antara Panathinaikos dari Yunani, runners - up Piala Champions Eropa 1970 - 71 melawan Nacional dari Uruguay, juara Copa Libertadores 1971.",24,1970,1970,NUM,CC-,{'NumType': 'Card'},21,nummod,{'MorphInd': '^1970<c>_CC-$'},Tidak Berimbuhan
train-s3869,"Program awal harus susah payah dibuat dengan menggunakan instruksi (operasi dasar) dari mesin tertentu, sering kali dalam notasi biner.",5,payah,payah,NOUN,ASP,"{'Degree': 'Pos', 'Number': 'Sing'}",4,advmod,{'MorphInd': '^payah<a>_ASP$'},Tidak Berimbuhan
train-s3397,"Universitas Perserikatan Bangsa Bangsa, atau United Nations University (UNU) adalah lengan akademik Perserikatan Bangsa Bangsa yang didirikan pada tahun 1973, yang melayani tujuan dan prinsip dari Piagam PBB. Universitas PBB melakukan berbagai penelitian tentang berbagai masalah global yang berhubungan dengan kelangsungan hidup, pembangunan dan kesejahteraan sosial yang menjadi perhatian dari PBB maupun negara - negara anggotanya.",20,didirikan,didirikan,VERB,VSP,"{'Number': 'Sing', 'Voice': 'Pass'}",14,acl,{'MorphInd': '^di+diri<n>+kan_VSP$'},Konfiks
train-s2597,"Yang terakhir adalah Kali Yuga atau zaman Besi di mana peradaban akan merosot secara rohani, hidup manusia berkurang karena kekerasan dan penyakit dan alam pada umumnya mengalami kematian.",24,dan,dan,CCONJ,H--,_,28,cc,{'MorphInd': '^dan<h>_H--$'},Tidak Berimbuhan
train-s3846,"Air Panas merupakan salah satu desa yang ada di kecamatan Pendalian V Koto, kabupaten Rokan Hulu, provinsi Riau, Indonesia.",13,Koto,koto,PROPN,X--,_,12,flat,"{'SpaceAfter': 'No', 'MorphInd': '^koto<x>_X--$'}",Tidak Berimbuhan
train-s3815,"Bintang muda yang timbul seperti DaMarcus Beasley dan Landon Donovan mulai tenar di MLS sebelum mencetak gol dan bermain untuk tim nasional AS, sementara pemain mapan seperti Brian McBride, Eddie Pope, dan Clint Mathis terus membuktikan kualitas mereka untuk kedua tim mereka di MLS dan tim nasional AS. Masalah keuangan liga yang berlangsung pada tahun 1998 menyebabkan hengkangnya Komisaris Doug Logan setelah akhir musim 1998.",33,Pope,pope,PROPN,X--,_,32,flat,"{'SpaceAfter': 'No', 'MorphInd': '^pope<x>_X--$'}",Tidak Berimbuhan
train-s3486,Roket bermula untuk penggunaan militer dan rekreasipada abad ke - 13 masehi.,7,rekreasipada,rekreasipada,ADP,X--,_,8,case,{'MorphInd': '^rekreasipada<x>_X--$'},Tidak Berimbuhan
train-s3466,"Apapun itu, masyarakat pada umunya tidak lagi mempermasalahkan / terpengaruh dan kembali menikmati minuman teh ini.",4,masyarakat,masyarakat,NOUN,NSD,{'Number': 'Sing'},9,nsubj,{'MorphInd': '^masyarakat<n>_NSD$'},Tidak Berimbuhan
train-s2136,"Walaupun demikian ketiga sandiwara ini tidak pernah dipentaskan sendiri - sendiri, namun berangkai sebagai sebuah trilogi panjang.",3,ketiga,ketiga,NUM,CO-,{'NumType': 'Card'},4,nummod,{'MorphInd': '^ke+tiga<c>_CO-$'},Prefiks
train-s2924,"Puncak tertingginya adalah ""Puncak Dahanyang"" memiliki ketinggian 1, 5 km di atas permukaan laut.",6,Dahanyang,dahanyang,PROPN,X--,_,5,flat,"{'SpaceAfter': 'No', 'MorphInd': '^dahanyang<x>_X--$'}",Tidak Berimbuhan
train-s682,"Menurut Babad Tanah Jawi, ia bergelar Senapati Jimbun Ningrat Ngabdurahman Panembahan Palembang Sayidin Panatagama, sedangkan menurut Serat Pranitiradya, bergelar Sultan Syah Alam Akbar, dan dalam Hikayat Banjar disebut Sultan Surya Alam. Nama Patah sendiri berasal dari kata al - Fatah, yang artinya ""Sang Pembuka"", karena ia memang pembuka kerajaan Islam pertama di pulau Jawa. Pada tahun 1479 ia meresmikan Masjid Agung Demak sebagi pusat pemerintahan.",19,Serat,serat,PROPN,NSD,{'Number': 'Sing'},18,obl,{'MorphInd': '^serat<n>_NSD$'},Tidak Berimbuhan
train-s3202,"Ketika awal berdiri, STM Negeri 2 Tasikmalaya, yang dipimpin oleh Bapak R. Surya Sugiarto, BE, mendapat izin membuka tiga Jurusan yaitu jurusan Mesin Umum, Jurusan Listrik, dan Jurusan Bangunan Gedung.",27,jurusan,jurusan,NOUN,NSD,{'Number': 'Sing'},25,appos,{'MorphInd': '^jurus<n>+an_NSD$'},Sufiks
train-s59,"Banyak pula permainan komputer, permainan video, dan lagu - lagu rap yang menampilkan AK - 47.",16,AK,ak,PROPN,F--,_,15,obj,{'MorphInd': '^ak<f>_F--$'},Tidak Berimbuhan
train-s4356,"Wangi adalah desa yang berada di kecamatan Jatirogo, Kabupaten Tuban, Jawa Timur, Indonesia.",7,kecamatan,kecamatan,NOUN,NSD,{'Number': 'Sing'},5,obl,{'MorphInd': '^ke+camat<n>+an_NSD$'},Konfiks
train-s797,"Dalam Buah Rindu, yang ditulis antara tahun 1928 dan tahun 1935 terlihat jelas perubahan perlahan saat lirik pantun dan syair Melayu menjadi sajak yang lebih modern.",5,yang,yang,PRON,S--,{'PronType': 'Rel'},6,nsubj:pass,{'MorphInd': '^yang<s>_S--$'},Tidak Berimbuhan
train-s2440,"Pada tahun 2005, ia merilis 3 album solo sendiri dan yang paling sukses dari anggota Shinhwa lain yang telah merilis album solo.",7,3,3,NUM,CC-,{'NumType': 'Card'},8,nummod,{'MorphInd': '^3<c>_CC-$'},Tidak Berimbuhan
train-s2497,"Seluruh operator GSM telah mengaplikasikan teknologi UMTS, HSDPA dan HSUPA pada jaringannya, dan operator CDMA juga telah mengaplikasikan teknologi CDMA2000 1x EV - DO. Akibat kebijakan pemerintah tentang penurunan tarif pada awal 2008, serta gencarnya perang tarif para operator yang makin gencar, kualitas layanan operator seluler di Indonesia terus memburuk, terutama pada jam - jam sibuk.",62,sibuk,sibuk,ADJ,ASP,"{'Degree': 'Pos', 'Number': 'Sing'}",59,amod,"{'SpaceAfter': 'No', 'MorphInd': '^sibuk<a>_ASP$'}",Tidak Berimbuhan
train-s3203,"Hamidah Idham, atau terkenalnya Cici Paramida () adalah penyanyi dangdut dari Indonesia.",7,Paramida,paramida,PROPN,X--,_,6,flat,{'MorphInd': '^paramida<x>_X--$'},Tidak Berimbuhan
train-s3533,"Film ini juga dipenuhi bintang film Indonesia, tercatat ada sembilan nama peraih piala citra yang berkolaborasi secara sempurna untuk menyajikan tontonan yang berkualitas.",13,peraih,penraih,NOUN,NSD,{'Number': 'Sing'},12,compound,{'MorphInd': '^peN+raih<v>_NSD$'},Prefiks
train-s427,"Berdasarkan hasil penelusuran dari Tim yang dibentuk oleh Rektor IAIN Sultan Amai Gorontalo yang ditugaskan untuk mendapatkan data dan informasi tentang sejarah lahirnya IAIN Sultan Amai Gorontalo, ditemukanlah salah seorang pelaku sejarah yakni Drs. Edy Bakari yang menuturkan bahwa kelahiran IAIN Sultan Amai Gorontalo dilatarbelakangi oleh adanya dorongan dan keinginan luhur para tokoh agama, tokoh masyarakat, dan Pemerintah Daerah Gorontalo yang memiliki komitmen keislaman yang tinggi dan bersepakat untuk mendirikan Perguruan Tinggi Agama Islam (PTAI) di daerah ini.",74,mendirikan,mendirikan,VERB,VSA,"{'Number': 'Sing', 'Voice': 'Act'}",72,xcomp,{'MorphInd': '^meN+diri<n>+kan_VSA$'},Konfiks
train-s133,``Apakah engkau juga orang Galilea?,6,Galilea,galilea,PROPN,X--,_,5,flat,"{'SpaceAfter': 'No', 'MorphInd': '^galilea<x>_X--$'}",Tidak Berimbuhan
train-s4046,"Meskipun, secara de facto, hak suara investor asing melebihi angka itu.",7,hak,hak,NOUN,NSD,{'Number': 'Sing'},11,nsubj,{'MorphInd': '^hak<n>_NSD$'},Tidak Berimbuhan
train-s887,"""Semua doktrin - doktrin ini, dengan pengecualian pada nomor 11 (tentang kedatangan Kristus pada premillennial), dianut oleh banyak pihak antara Protestan konservatif atau injili.",6,ini,ini,DET,B--,{'PronType': 'Dem'},3,det,"{'SpaceAfter': 'No', 'MorphInd': '^ini<b>_B--$'}",Tidak Berimbuhan
train-s4033,Orang - orang Tonga pertama kali bertemu Eropa pada tahun 1616 ketika Eendracht kapal Belanda melakukan kunjungan singkat ke pulau - pulau untuk berdagang.,5,pertama,pertama,NUM,CO-,{'NumType': 'Card'},6,nummod,{'MorphInd': '^pertama<c>_CO-$'},Tidak Berimbuhan
train-s1035,"Tetapi karena tidak dikelola oleh manajer profesional dan terlalu banyaknya 'politisasi' atau campur tangan pemerintah, mengakibatkan perusahaan tersebut hanya dijadikan 'sapi perah' oleh para birokrat.",16,tangan,tangan,NOUN,NSD,{'Number': 'Sing'},15,compound,{'MorphInd': '^tangan<n>_NSD$'},Tidak Berimbuhan
train-s1251,"Awal sejarah Laos didominasi oleh Kerajaan Nanzhao, yang diteruskan pada abad ke - 14 oleh kerajaan lokal Lan Xang yang berlangsung hingga abad ke - 18, setelah Thailand menguasai kerajaan tersebut.",23,hingga,hingga,ADP,R--,_,24,case,{'MorphInd': '^hingga<r>_R--$'},Tidak Berimbuhan
train-s3195,Selain itu desa ini merupakan salah satu komune di département di Oise.,4,ini,ini,DET,B--,{'PronType': 'Dem'},3,det,{'MorphInd': '^ini<b>_B--$'},Tidak Berimbuhan
train-s3119,"Pada Pasal 12 Undang - Undang tersebut dinyatakan bahwa, Jaminan Fidusia adalah jaminan kebendaan atas benda bergerak baik yang berwujud maupun tidak berwujud sehubungan dengan hutang - piutang antara debitur dan kreditur.",2,Pasal,pasal,NOUN,NSD,{'Number': 'Sing'},8,obl,{'MorphInd': '^pasal<n>_NSD$'},Tidak Berimbuhan
train-s930,"Cerita berpindah ke kedatangan pasukan Jepang tahun 1942, dimana anggota Dewan Kong Koan akhirnya ditangkap dan Rahardjo Soetardjo bersama Max Awuy menjadi rekan seperjuangan bawah tanah dalam pasukan Jepang.",22,Awuy,awuy,PROPN,X--,_,21,flat,{'MorphInd': '^awuy<x>_X--$'},Tidak Berimbuhan
train-s3186,"Candi ini terbuat dari batu andesit dan berdenah segi empat, dengan berukuran panjang 292 cm, lebar 296 cm dan tingginya 85 cm dengan tangga naik berada di sisi barat.",18,lebar,lebar,NOUN,ASP,"{'Degree': 'Pos', 'Number': 'Sing'}",14,conj,{'MorphInd': '^lebar<a>_ASP$'},Tidak Berimbuhan
train-s2956,Gambaran yang paling awal untuk legenda Sigurd ada pada piktoral yang dibentuk dari tujuh runestone di Swedia dan Ramsund carving (tahun 1000) and dan Gök Runestone (abad ke - 11).,5,untuk,untuk,ADP,R--,_,6,case,{'MorphInd': '^untuk<r>_R--$'},Tidak Berimbuhan
train-s1069,"Tapi bukan perkara mudah untuk membunuh Zhu Fa Qing karena dia hanya butuh 2 jam untuk mengeluarkan racun ganas itu, tak lama kemudian istrinya Ni Hui Hui datang.",4,mudah,mudah,ADJ,ASP,"{'Degree': 'Pos', 'Number': 'Sing'}",0,root,{'MorphInd': '^mudah<a>_ASP$'},Tidak Berimbuhan
train-s4369,"Belakangan, Vermouth juga mengetahui rahasia Shiho, namun dia tidak membeberkannya pada anggota organisasi yang lain.",6,rahasia,rahasia,NOUN,NSD,{'Number': 'Sing'},5,obj,{'MorphInd': '^rahasia<n>_NSD$'},Tidak Berimbuhan
train-s3254,WWE Fatal 4 - Way adalah acara Bayar - per - tayang dihasilkan oleh World Wrestling Entertainment (WWE).,1,WWE,wwe,PROPN,X--,_,7,nsubj,{'MorphInd': '^wwe<x>_X--$'},Tidak Berimbuhan
train-s1747,Penghargaan Adipura memang tidak mudah didapat dan hanya pada masa kepemimpinan Gusti Khairul Saleh penghargaan ini bisa diraih.,18,diraih,diraih,VERB,VSP,"{'Number': 'Sing', 'Voice': 'Pass'}",6,conj,"{'SpaceAfter': 'No', 'MorphInd': '^di+raih<v>_VSP$'}",Prefiks
train-s1102,Kota ini memiliki kepadatan penduduk 3 jiwa / km&amp;sup2;.,9,km&amp;sup2,km&amp;sup2,NUM,X--,{'NumType': 'Card'},7,nummod,"{'SpaceAfter': 'No', 'MorphInd': '^km&amp;amp;sup2<x>_X--$'}",Tidak Berimbuhan
train-s207,"Sinonim lain asam ini adalah, asam formilformat dan asam oksoetanoat.",3,asam,asam,NOUN,ASP,"{'Degree': 'Pos', 'Number': 'Sing'}",1,compound,{'MorphInd': '^asam<a>_ASP$'},Tidak Berimbuhan
train-s1409,"Gulf + Western memonopoli perdagangan hingga tahun 1989 ketika Time Inc. dan Warner Corporation bergabung sebagai Time Warner dan perusahaan ini berganti nama menjadi Paramount Communications Inc. Perusahaan ini berakhir pada tahun 1995, setelah diambil alih oleh Viacom.",26,Paramount,paramount,PROPN,F--,_,25,obj,{'MorphInd': '^paramount<f>_F--$'},Tidak Berimbuhan
train-s561,"Ia sempat pula manggung di Jakarta International Java Jazz Festival 2005 di Plenary Hall, Jakarta Convention Center.",14,Hall,hall,PROPN,F--,_,13,flat,"{'SpaceAfter': 'No', 'MorphInd': '^hall<f>_F--$'}",Tidak Berimbuhan
train-s3171,"Kabupaten Bener Meriah yang beribukota di Simpang Tiga Redelong memiliki luas 1.919,69 km2 terdiri dari 10 Kecamatan dan 233 desa, Bener Meriah terletak 4 ° 33 50 - 4 ° 54 50 Lintang Utara dan 96 ° 40 75 - 97 ° 17 50 Bujur Timur dengan tinggi rata - rata di atas permukaan laut 100 - 2.500 mdpl Kabupaten Bener Meriah mencakup bagian utara Kabupaten Aceh Tengah yang berbatasan dengan Komoditi unggulan Kabupaten Bener Meriah yaitu sektor Perkebunan dan jasa.",25,4,4,NUM,CC-,{'NumType': 'Card'},26,nummod,{'MorphInd': '^4<c>_CC-$'},Tidak Berimbuhan
train-s3355,"Menurut Muhammad Baqir ash - Shadr, metode ini, yang ia sebut sebagai metode tajzi 'i, adalah metode yang mufasir - nya berusaha menjelaskan kandungan ayat - ayat Al - Qur' an dari berbagai seginya dengan memperhatikan runtutan ayat al - Qur ` an sebagaimana tercantum dalam al - Qur ` an.",50,tercantum,tercantum,NOUN,VSP,"{'Number': 'Sing', 'Voice': 'Pass'}",42,nmod,{'MorphInd': '^ter+cantum<v>_VSP$'},Prefiks
train-s1672,"Bagi bangsa Cina waktu itu, kacamata hanya digunakan sebagai jimat keberuntungan atau alat untuk membuat mereka terlihat lebih keren dan berwibawa sehingga kadang mereka hanya mengenakan bingkai kacamatanya saja tanpa lensa.",3,Cina,cina,PROPN,NSD,{'Number': 'Sing'},2,flat,{'MorphInd': '^cina<n>_NSD$'},Tidak Berimbuhan
train-s2950,"Kata ini berarti ""Bukti dari Allah"" dan mereka yang memiliki gelar tersebut ahli dalam studi tentang Islam, seperti Syari 'ah (Hukum Islam), filsafat, etika, mistik dan biasanya mengajar di sekolah pengetahuan tentang Islam (hauzah) atau pesantren kalau di Indonesia.",17,studi,studi,NOUN,NSD,{'Number': 'Sing'},15,nmod,{'MorphInd': '^studi<n>_NSD$'},Tidak Berimbuhan
train-s2234,"Alef () adalah nama pengucapan dari huruf pertama abjad atau alfabet Proto - Kanaan, yang kemudian diturunkan dalam alfabet Semitik sebagai Alfabet Fenisia, abjad Suryani, alfabet Ibrani 'Alef, dan alfabet Arab. Abjad Fenisia kemudian diambil oleh bahasa Yunani sebagai Alfa (Α), yang ditafsirkan kemudian bukan untuk menyuarakan konsonan glotal, melainkan huruf hidup (vokal), dan sama dengan Latin A dan abjad Sirilik А. Huruf alef dalam Unicode adalah 05D0.",40,Fenisia,fenisia,PROPN,X--,_,39,flat,{'MorphInd': '^fenisia<x>_X--$'},Tidak Berimbuhan
train-s3958,"Pada tahun 1937 - 1947, Barkley menjadi pemimpin mayoritas Demokrat di Senat AS. Barkley terpilih sebagai Wakil Presiden ke - 35, mendampingi Presiden Harry Truman, mulai Januari 1949 sampai Januari 1953.",33,sampai,sampai,ADP,R--,_,34,case,{'MorphInd': '^sampai<r>_R--$'},Tidak Berimbuhan
train-s4073,"Berdasarkan Surat Keputusan Menteri Dalam Negeri Nomor: 140 / 502 tanggal 22 September 1980 tentang penetapan desa menjadi kelurahan, maka sejak saat itulah desa Alalak selatan reami menjadi Kelurahan Alalak Selatan wilayah Kecamatan Banjarmasin Utara.",35,Kecamatan,kecamatan,PROPN,NSD,{'Number': 'Sing'},34,flat,{'MorphInd': '^ke+camat<n>+an_NSD$'},Konfiks
train-s623,Di jendela kabin juga dipasangi teralis untuk mencegah kaca pecah akibat pelemparan batu.,7,untuk,untuk,ADP,R--,_,8,case,{'MorphInd': '^untuk<r>_R--$'},Tidak Berimbuhan
train-s3419,"D8 memulai menayangkan acara ini pada Senin, 22 Oktober 2012, dan D17 pada tanggal 23 Oktober 2012, keduanya pada pukul 20: 50 CEST (UST + 2).",23,pukul,pukul,NOUN,VSA,"{'Number': 'Sing', 'Voice': 'Act'}",21,nmod,{'MorphInd': '^pukul<v>_VSA$'},Tidak Berimbuhan
train-s3703,"Oleh karena HMPA juga melarutkan kation namun tidak pada anion, ia digunakan sebagai pelarut untuk beberapa reaksi SN2 yang sulit.",8,tidak,tidak,PART,G--,{'Polarity': 'Neg'},10,advmod,{'MorphInd': '^tidak<g>_G--$'},Tidak Berimbuhan
train-s1182,"Akar bahasa Melayu dan Austronesia dapat dilihat dalam kemiripan sebutan untuk angka dalam bahasa Indonesia dan misalnya Indonesia: dua = Tagalog dalawa, tiga = telu (Jawa dan Bali) = tilu (Sunda) tello '(Madura) = tatlo (Filipina), dan telingga = tainga (Filipina), sedangkan hidung dalam bahasa Filipina berarti ilong.",26,=,=,SYM,Z--,_,50,punct,{'MorphInd': '^'},Tidak Berimbuhan
train-s3265,Kota ini merupakan pelabuhan di dekat bagian muara Sungai Yenisei.,2,ini,ini,DET,B--,{'PronType': 'Dem'},1,det,{'MorphInd': '^ini<b>_B--$'},Tidak Berimbuhan
train-s1015,"Di sana Demeter menjadi pengasuh putra - putra Keleus, Demofonos dan Triptolemos.",5,pengasuh,penasuh,NOUN,NSD,{'Number': 'Sing'},4,obj,{'MorphInd': '^peN+asuh<v>_NSD$'},Prefiks
train-s880,Catatan praktik homoseksual di Jepang dapat dilihat dari catatan pada zaman kuno.,7,dilihat,dilihat,VERB,VSP,"{'Number': 'Sing', 'Voice': 'Pass'}",0,root,{'MorphInd': '^di+lihat<v>_VSP$'},Prefiks
train-s3174,James Morrison () merupakan seorang penyanyi dan pencipta lagu berkebangsaan Inggris.,10,lagu,lagu,NOUN,NSD,{'Number': 'Sing'},9,compound,{'MorphInd': '^lagu<n>_NSD$'},Tidak Berimbuhan
train-s3223,"Untuk melaksanakan tugas pokok tersebut Dinas Tenaga Kerja Dan Transmigrasi Kabupaten Ogan Komering Ilir berfungsi merumuskan kebijaksanaan sistem kesehatan Kabupaten dan melaksanakan kegiatan teknis operasional di bidang kesehatan, yang di laksanakan oleh Pemerintah di Kabupaten Ogan Komering Ilir. Dinas ini berada dibawah dan bertanggung jawab langsung kepada Bupati Ogan Komering Ilir. Maksud dan tujuan pembentukan Dinas Tenaga Kerja Dan Transmigrasi Kabupaten Ogan Komering Ilir, sebagaimana tercantum dalam peraturan Daerah Kabupaten Ogan Komering Ilir, Nomor 9 Tahun 2002 yaitu: a. Bahwa untuk meningkatkan dan mengembangkan bidang Kesehatan yang telah dilaksanakan di Kabupaten Ogan Komering Ilir, telah dibentuk Dinas Tenaga Kerja Dan Transmigrasi Kabupaten Ogan Komering Ilir. b. Bahwa agar Dinas Tenaga Kerja Dan Transmigrasi Kabupaten Ogan Komering Ilir dapat melaksakan tugasnya secara berdaya guna dan berhasil dipandang perlu untuk menetapkan susunan Organisasi dan Tata Kerja Dinas Tenaga Kerja Dan Transmigrasi Kabupaten Ogan Komering Ilir. 1. Kedudukan, Tugas Pokok, dan Fungsi.",96,dilaksanakan,dilaksanakan,VERB,VSP,"{'Number': 'Sing', 'Voice': 'Pass'}",92,acl,{'MorphInd': '^di+laksana<v>+kan_VSP$'},Konfiks
train-s189,"Selama pembangunan Harbour Bridge, Lavender Bay Station adalah ujung jalur North Shore Line. Wilayah ini sekarang menjadi sepur penyimpanan kereta.",16,Wilayah,wilayah,PROPN,NSD,{'Number': 'Sing'},19,nsubj,{'MorphInd': '^wilayah<n>_NSD$'},Tidak Berimbuhan
train-s466,"Dalam bentuk yang lebih umum, energi ini harus diintegralkan berdasarkan semua jenis panjang gelombang cahaya dan sudut datang cahaya.",15,gelombang,gelombang,NOUN,NSD,{'Number': 'Sing'},14,compound,{'MorphInd': '^gelombang<n>_NSD$'},Tidak Berimbuhan
train-s3325,"Sebagian ahli menganggap Injil ini sebagai sebuah teks gnostik, karena ditemukan di sebuah perpustakaan yang terutama sekali memuat teks - teks Gnostik.",23,Gnostik,gnostik,ADJ,X--,_,20,amod,"{'SpaceAfter': 'No', 'MorphInd': '^gnostik<x>_X--$'}",Tidak Berimbuhan
train-s1607,"Malam itu, Sallah dan Jones memecahkan sandi dalam ukiran yang ada di dua sisi kepala tongkat milik Ravenwood, dan mereka mengetahui panjang tongkat yang dibutuhkan.",15,sisi,sisi,NOUN,NSD,{'Number': 'Sing'},12,obl,{'MorphInd': '^sisi<n>_NSD$'},Tidak Berimbuhan
train-s639,Seragam mereka berwarna biru - putih.,3,berwarna,berwarna,VERB,VSA,"{'Number': 'Sing', 'Voice': 'Act'}",0,root,{'MorphInd': '^ber+warna<n>_VSA$'},Prefiks
train-s2026,Permainan ini terdiri atas 6 tingkat yang pada setiap tingkatnya diakhiri dengan karakter bos.,6,tingkat,tingkat,NOUN,NSD,{'Number': 'Sing'},3,obl,{'MorphInd': '^tingkat<n>_NSD$'},Tidak Berimbuhan
train-s2160,Supersel berkolaborasi dalam sebuah album kompilasi berjudul TamStar Rekor Koleksi Vol. 0 dirilis sebagai edisi terbatas di Comiket 79 pada bulan Desember 2010; di album ini Supersel itu ``Kibo tidak Neiro'' dinyanyikan oleh Hatsune Miku dan ``Ashita e'' (?,19,79,79,PROPN,CC-,_,18,nummod,{'MorphInd': '^79<c>_CC-$'},Tidak Berimbuhan
train-s1607,"Malam itu, Sallah dan Jones memecahkan sandi dalam ukiran yang ada di dua sisi kepala tongkat milik Ravenwood, dan mereka mengetahui panjang tongkat yang dibutuhkan.",22,mereka,mereka,PRON,PP3,"{'Number': 'Plur', 'Person': '3', 'PronType': 'Prs'}",23,nsubj,{'MorphInd': '^mereka<p>_PP3$'},Tidak Berimbuhan
train-s2784,"Meskipun masyarakat pedalaman masih tetap menganut animisme, tetapi rakyat pesisir menganut agama Islam.",14,Islam,islam,PROPN,NSD,{'Number': 'Sing'},13,flat,"{'SpaceAfter': 'No', 'MorphInd': '^islam<n>_NSD$'}",Tidak Berimbuhan
train-s3609,"Yang disebut ""Dewan Tiga,"" sebuah kelompok menerbitkan manifesto di LEF, sebuah majalah berita Rusia yang radikal, didirikan pada tahun 1922.",20,radikal,radikal,ADJ,ASP,"{'Degree': 'Pos', 'Number': 'Sing'}",17,amod,"{'SpaceAfter': 'No', 'MorphInd': '^radikal<a>_ASP$'}",Tidak Berimbuhan
train-s2077,"Dengan layar yang ditiup angin dan dayung yang dikayuh kuat, mereka mendorong rakit yang mengangkut harta yang baru dipahat itu kembali ke Yap. Semua pekerjaan ini dilakukan dengan tangan dan prosesnya berbahaya.",10,kuat,kuat,ADJ,ASP,"{'Degree': 'Pos', 'Number': 'Sing'}",9,amod,"{'SpaceAfter': 'No', 'MorphInd': '^kuat<a>_ASP$'}",Tidak Berimbuhan
train-s608,"Bukankah (keadaannya) sama kami dengan anda, tidak bisa jauh dari air?",11,bisa,bisa,ADV,M--,_,12,advmod,{'MorphInd': '^bisa<m>_M--$'},Tidak Berimbuhan
train-s3660,Yang menjabat sebagai patih di Pagombakan adalah Jayasemedi.,7,adalah,adalah,AUX,O--,_,8,cop,{'MorphInd': '^adalah<o>_O--$'},Tidak Berimbuhan
train-s2897,"Guna meningkatkan proses penciptaan generasi pelajar yang berprestasi, Kalijoyo memiliki program unggulan yang didukung sepenuhnya oleh Aparat Desa, Tokoh Masyarakat dan Pelajar itu sendiri, yaitu dengan dikeluarkanya Perdes yang mengatur tentang jam - jam belajar dan jam - jam bermain pelajar dari tingkat SD, SMP dan SMA / Sederajat.",19,Desa,desa,PROPN,NSD,{'Number': 'Sing'},18,flat,"{'SpaceAfter': 'No', 'MorphInd': '^desa<n>_NSD$'}",Tidak Berimbuhan
train-s2361,Bus rute lingkar 100 yen hanya menghubungkan tempat - tempat di sekitar pusat kota.,4,100,100,NUM,CC-,{'NumType': 'Card'},5,nummod,{'MorphInd': '^100<c>_CC-$'},Tidak Berimbuhan
train-s3306,"Pulau Karang ini merupakan bagian dari wilayah pemerintah Kabupaten Maluku Tenggara, provinsi Maluku.",10,Maluku,maluku,PROPN,NSD,{'Number': 'Sing'},9,flat,{'MorphInd': '^maluku<n>_NSD$'},Tidak Berimbuhan
train-s802,"Single ini dirilis dalam tiga versi: Edisi Reguler Tipe A dan Tipe B, dan Edisi Teater.",18,Teater,teater,PROPN,X--,_,17,flat,"{'SpaceAfter': 'No', 'MorphInd': '^teater<x>_X--$'}",Tidak Berimbuhan
train-s1027,"Selanjutnya, suku Goth masih terus melawan.",3,suku,suku,NOUN,NSD,{'Number': 'Sing'},7,nsubj,{'MorphInd': '^suku<n>_NSD$'},Tidak Berimbuhan
train-s3184,"Konsep Nobel Savage, yang diberikan pada penduduk asli Amerika, demikian popular di Inggris Raya pada tahun 1780 - an ketika yang untuk orang Amerika dan Eropa bisa dianggap sebagai pemberontak.",29,bisa,bisa,ADV,M--,_,30,advmod,{'MorphInd': '^bisa<m>_M--$'},Tidak Berimbuhan
train-s4380,"Chamomile memerlukan tanah yang terbuka untuk dapat tumbuh, biasanya tumbuh secara liar di pinggir jalan, tempat penampungan sampah, atau di ladang - ladang.",24,ladang,ladang,NOUN,NSD,{'Number': 'Sing'},15,nmod,{'MorphInd': '^ladang<n>_NSD$'},Tidak Berimbuhan
train-s2123,"Lower Sioux, di pihak yang lain, dipindahkan dari daerah berhutan dimana tempat itu dipakai untuk mereka tinggal, dan merasa tidak puas dengan pilihan ini.",10,dari,dari,ADP,R--,_,11,case,{'MorphInd': '^dari<r>_R--$'},Tidak Berimbuhan
train-s4208,"Impuls rangsang dihantarkan oleh traktus ascendentes (serat - serat saraf yang menghantarkan impuls ke otak) untuk diolah di otak, lalu impuls respons dihantarkan oleh traktus descendentes (serat - serat saraf yang menghantarkan impuls menjauhi otak).",14,impuls,impuls,NOUN,NSD,{'Number': 'Sing'},13,obj,{'MorphInd': '^impuls<n>_NSD$'},Tidak Berimbuhan
train-s2845,"Dokumen - dokumen yang diajukan Suzuki pada pertemuan yang sama menyarankan bahwa dalam usaha awal diplomatik dengan Uni Soviet, Jepang mengambil pendekatan sebagai berikut: Rusia harus diberi tahu dengan jelas bahwa kemenangannya atas Jerman adalah berkat Jepang, karena kita tetap netral, dan Soviet akan diuntungkan bila membantu Jepang mempertahankan posisinya di dunia internasional, karena musuh mereka di masa depan adalah Amerika Serikat.",57,internasional,internasional,ADJ,ASP,"{'Degree': 'Pos', 'Number': 'Sing'}",56,amod,"{'SpaceAfter': 'No', 'MorphInd': '^internasional<a>_ASP$'}",Tidak Berimbuhan
train-s3211,"Bintang ini memiliki nama tradisional Al Kaff Al Jidhmah II / Al Kaff al Jidhmah ath Thani / Manus Truncata Secundus yang berasal dari bahasa Arab dan diterjemahkan dalam bahasa Latin yang berarti ""bagian dari sirip kedua"".",14,al,al,PROPN,F--,_,13,flat,{'MorphInd': '^al<f>_F--$'},Tidak Berimbuhan
train-s427,"Berdasarkan hasil penelusuran dari Tim yang dibentuk oleh Rektor IAIN Sultan Amai Gorontalo yang ditugaskan untuk mendapatkan data dan informasi tentang sejarah lahirnya IAIN Sultan Amai Gorontalo, ditemukanlah salah seorang pelaku sejarah yakni Drs. Edy Bakari yang menuturkan bahwa kelahiran IAIN Sultan Amai Gorontalo dilatarbelakangi oleh adanya dorongan dan keinginan luhur para tokoh agama, tokoh masyarakat, dan Pemerintah Daerah Gorontalo yang memiliki komitmen keislaman yang tinggi dan bersepakat untuk mendirikan Perguruan Tinggi Agama Islam (PTAI) di daerah ini.",51,dan,dan,CCONJ,H--,_,52,cc,{'MorphInd': '^dan<h>_H--$'},Tidak Berimbuhan
train-s724,Apakah kita semua harus berbalik dan semuanya mendengarkan dia?,2,kita,kita,PRON,PP1,"{'Clusivity': 'In', 'Number': 'Plur', 'Person': '1', 'PronType': 'Prs'}",5,nsubj:pass,{'MorphInd': '^kita<p>_PP1$'},Tidak Berimbuhan
train-s394,"Tapi sesampainya di dalam kamar, Amanda harus berhadapan dengan Septian yang sedang mencurigainya berselingkuh dengan lelaki lain.",5,kamar,kamar,NOUN,NSD,{'Number': 'Sing'},4,nmod,"{'SpaceAfter': 'No', 'MorphInd': '^kamar<n>_NSD$'}",Tidak Berimbuhan
train-s240,Desa ini merupakan satu dari 27 desa dan kelurahan yang berada di kecamatan Cibal.,8,dan,dan,CCONJ,H--,_,9,cc,{'MorphInd': '^dan<h>_H--$'},Tidak Berimbuhan
train-s1167,"Jalan Dusun pun demikian, karena Luas wilayah teritorial desa Tunjungmuli yang melebihi batas sewajarnya menjadikan perawatan jalan dusun susah di laksanakan karena memerlukan budget atau anggaran yang sangat besar hanya untuk mengurusi Jalan, bagaimana dengan Pendidikan?",24,memerlukan,menperlukan,VERB,VSA,"{'Number': 'Sing', 'Voice': 'Act'}",20,advcl,{'MorphInd': '^meN+perlu<v>+kan_VSA$'},Konfiks
train-s474,"Ia mempertanyakan beberapa fakta janggal seperti mengapa rekaman pengatur penerbangan saat kejadian 9 / 11 dirusak oleh komisioner FAA, mengapa kotak hitam tidak ditemukan dari satupun pesawat, dan juga mempertanyakan tingkat kemahiran pembajak yang menurutnya untuk sekelas pilot berlisensi pesawat perintis sangat mencurigakan dapat mengendalikan pesawat sekelas 747 dengan kecepatan tinggi dan menabrakkannya dalam posisi target yang tidak lebar.",3,beberapa,beberapa,DET,B--,"{'NumType': 'Card', 'PronType': 'Ind'}",4,det,{'MorphInd': '^beberapa<b>_B--$'},Tidak Berimbuhan
train-s549,Memetika pada umumnya mengadopsi konsep dari teori evolusi (khususnya populasi genetik) dan mengaplikasikanya pada kebudayaan manusia.,4,mengadopsi,menadopsi,VERB,VSA,"{'Number': 'Sing', 'Voice': 'Act'}",0,root,{'MorphInd': '^meN+adopsi<n>_VSA$'},Prefiks
train-s137,"Zaki al - Arsuzi dianggap sebagai ""Socrates"" Partai Ba 'ath.",12,',_,PROPN,,_,11,flat,{'SpaceAfter': 'No'},Tidak Berimbuhan
train-s2007,"Mereka adalah: Audisi berlangsung di 6 kota besar di Indonesia, yaitu Jakarta &amp; Medan 26 - 27 Juni, Bandung &amp; Manado 3 - 4 Juli dan berakhir di Surabaya &amp; Yogyakarta 10 - 11 Juli. Para calon kontestan Miss Celebrity harus berumur di antara 16 sampai dengan 23 tahun.",7,6,6,NUM,CC-,{'NumType': 'Card'},8,nummod,{'MorphInd': '^6<c>_CC-$'},Tidak Berimbuhan
train-s2275,"Kebontemu adalah sebuah desa di wilayah Kecamatan Peterongan, Kabupaten Jombang, Provinsi Jawa Timur.",7,Kecamatan,kecamatan,PROPN,NSD,{'Number': 'Sing'},6,flat,{'MorphInd': '^ke+camat<n>+an_NSD$'},Konfiks
train-s4039,"Jika sampai akhir ronde perkenalan III ada 4 atau lebih wanita lajang masih menyalakan lampu podiumnya, maka pria lajang tersebut berhak mematikan kelebihan lampu podium yang menyala hingga tersisa 3 lampu podium masih menyala.",27,yang,yang,PRON,S--,{'PronType': 'Rel'},28,nsubj,{'MorphInd': '^yang<s>_S--$'},Tidak Berimbuhan
train-s3944,"Kota berpenduduk 23.729 ini memiliki plat kendaraan HC. Kota ini dilintasi oleh Sungai Vah. Hlohovec merupakan persimpangan antara kota Nagyszombat dan Nyitra, dekat PLTG terkenal di Piešťany.",1,Kota,kota,PROPN,NSD,{'Number': 'Sing'},5,nsubj,{'MorphInd': '^kota<n>_NSD$'},Tidak Berimbuhan
train-s2261,"Pendakian umumnya dilakukan pada malam hari, dengan perkiraan pagi hari sebelum matahari terbit telah sampai di puncak Gunung Lamongan.",13,matahari,matahari,NOUN,NSD,{'Number': 'Sing'},14,obl,{'MorphInd': '^matahari<n>_NSD$'},Tidak Berimbuhan
train-s1225,Zenit - 2 memiliki tingkat penerbangan yang cukup rendah sebagai pemerintah Rusia biasanya menghindari peraturan muatan roket pada roket Ukraina.,12,Rusia,rusia,PROPN,F--,_,11,flat,{'MorphInd': '^rusia<f>_F--$'},Tidak Berimbuhan
train-s1847,"Penggunaan sebutan ini, seperti menganggap seluruh Perancis sebagai la province, kadang - kadang dianggap merendahkan.",1,Penggunaan,pengunaan,NOUN,NSD,{'Number': 'Sing'},16,nsubj,{'MorphInd': '^peN+guna<n>+an_NSD$'},Konfiks
train-s2774,Pada ajang Liga Super ia direkomendasikan kembali untuk memperkuat Arema lagi oleh Pelatih Bambang Nurdiansyah.,5,ia,ia,PRON,PS3,"{'Number': 'Sing', 'Person': '3', 'PronType': 'Prs'}",6,nsubj:pass,{'MorphInd': '^ia<p>_PS3$'},Tidak Berimbuhan
train-s35,"Menurut Joseon Sangosa, kehancuran tiga Gojoseon mulai pada tahun 400 SM, ketika Yan menyerang Gojoseon, dan Gihu menjadi raja Beonjoseon.",14,ketika,ketika,SCONJ,S--,_,16,mark,{'MorphInd': '^ketika<s>_S--$'},Tidak Berimbuhan
train-s1476,"Sebagai contohnya, SRMnya NIST untuk bidang manufakturing makanan mencakup: NIST mengatur beberapa fasilitas pengukuran paling spesifik di dunia, termasuk National Center for Neutron Research (Pusat Riset Neutron Nasional) yang tidak terkalahkan dan yang paling murah, dimana dilakukannya riset paling mutakhir untuk materi - materi baru, fuel cell terbaru, dan bioteknologi.",6,untuk,untuk,ADP,R--,_,7,case,{'MorphInd': '^untuk<r>_R--$'},Tidak Berimbuhan
train-s1658,"Ta latik adalah salah satu aksara wianjana (huruf konsonan) dalam sistem penulisan aksara Bali, yang melambangkan bunyi / ʈ / dan / ʈʰ /. Jika dialihaksarakan menjadi huruf Latin, maka aksara ini ditulis ""Ṭa"" atau Ṭha.",13,sistem,sistem,NOUN,NSD,{'Number': 'Sing'},6,nmod,{'MorphInd': '^sistem<n>_NSD$'},Tidak Berimbuhan
train-s1317,Sebagai panggung tempat Hibari kecil bernyanyi adalah balai - balai rakyat dan tempat - tempat pemandian umum.,10,balai,balai,NOUN,VSA,"{'Number': 'Sing', 'Voice': 'Act'}",8,compound:plur,{'MorphInd': '^bala<n>+i_VSA$'},Tidak Berimbuhan
train-s1687,"Pinnock bertanya: ``Apakah Ia terperdaya sendiri (deluded'') oleh kebesaran-Nya, seorang paranoid, seorang penipu yang tidak sengaja melakukannya, seorang skizoprenik?",22,tidak,tidak,PART,G--,{'Polarity': 'Neg'},24,advmod,{'MorphInd': '^tidak<g>_G--$'},Tidak Berimbuhan
train-s3741,"Pada umumnya, terdapat tiga jenis keadaan: Keselamatan normatif digunakan untuk menerangkan produk atau desain yang memenuhi standar desain.",16,desain,desain,NOUN,NSD,{'Number': 'Sing'},14,conj,{'MorphInd': '^desain<n>_NSD$'},Tidak Berimbuhan
train-s3734,Salah seorang tampak berdiri di tengah lingkaran massa dengan membawa tongkat berbendera Merah Putih yang dikibarkan setengah tinggi tongkat.,10,membawa,menbawa,VERB,VSA,"{'Number': 'Sing', 'Voice': 'Act'}",6,acl,{'MorphInd': '^meN+bawa<v>_VSA$'},Prefiks
train-s681,"Semasa pendudukan Tiongkok di Vietnam yang berlangsung lebih dari seribu tahun, masakan Vietnam mendapat pengaruh kuat dari masakan Cina. Dari orang Tiongkok, orang Vietnam belajar membuat mi, tahu, lumpia (chả giò), masakan tumis, dan cara makan dengan sumpit.",29,membuat,menbuat,VERB,VSA,"{'Number': 'Sing', 'Voice': 'Act'}",28,xcomp,{'MorphInd': '^meN+buat<v>_VSA$'},Prefiks
train-s1366,"Court 1 telah menjadi tempat terjadinya berbagai kekalahan Perancis Terbuka yang mengejutkan, seperti kemenangan ronde ketiga Gustavo Kuerten yang tak diduga atas Thomas Muster tahun 1997 Thomas Muster tahun 1997, dalam karirnya menuju kemenangan pertama dari tiga kemenangan yang dicapainya; dan kekalahan Gabriela Sabatini - setelah memimpin 6 – 1, 5 – 1 dan lima poin pertandingan - atas Mary Joe Fernandez pada perempat final 1993.",12,mengejutkan,menkejutkan,VERB,VSA,"{'Number': 'Sing', 'Voice': 'Act'}",8,acl,"{'SpaceAfter': 'No', 'MorphInd': '^meN+kejut<v>+kan_VSA$'}",Konfiks
train-s787,"Masjid Tua Palopo tumbuh pada zaman madya Indonesia yang berfungsi sebagai masjid Kerajaan atau masjid istana, maka dari itu letaknya berada di sebelah barat alun - alun dan masjid merupakan gambaran struktur perkotaan pada awal masa Islam di Indonesia.",6,zaman,zaman,NOUN,NSD,{'Number': 'Sing'},4,obl,{'MorphInd': '^zaman<n>_NSD$'},Tidak Berimbuhan
train-s3535,"Setelah melaporkan hasil penelitiannya kepada pemerintah Hindia - Belanda di Batavia (sekarang Jakarta) pada tahun 1870, dan mempublikasikannya dalam bentuk buku bersama dengan WA Henny pada tahun 1871, ia kembali melakukan penelitian di tempat yang sama pada tahun 1872.",36,penelitian,pentelitian,NOUN,NSD,{'Number': 'Sing'},35,obj,{'MorphInd': '^peN+teliti<a>+an_NSD$'},Konfiks
train-s179,"Ia tampil di dalam 800 film sejak tahun 1980 - an, dan dinobatkan sebagai XRCO Hall of Fame pada tahun 1999.",22,1999,1999,NUM,CC-,{'NumType': 'Card'},21,nummod,"{'SpaceAfter': 'No', 'MorphInd': '^1999<c>_CC-$'}",Tidak Berimbuhan
train-s916,Pengaruh Islam di Mempawah semakin kuat pada era kepemimpinan Opu Daeng Menambun yang bertahta sejak tahun 1740 M. Opu Daeng Menambun berasal dari Kesultanan Luwu Bugis yang telah cukup lama menjadi kerajaan bercorak Islam.,16,tahun,tahun,NOUN,NSD,{'Number': 'Sing'},14,obl,{'MorphInd': '^tahun<n>_NSD$'},Tidak Berimbuhan
train-s216,"Tubuh wanita ini berasal dari abad ke - 11, dan di identifikasikan sebagai Sigrid (atau Gunhild).",6,abad,abad,NOUN,NSD,{'Number': 'Sing'},4,obl,{'MorphInd': '^abad<n>_NSD$'},Tidak Berimbuhan
train-s379,"Sewaktu masih bekerja pada Nitisemito, Kho Djie Siong banyak menarik informasi rahasia racikan dan strategi dagang Bal Tiga dari M. Karmaen, kawan sekolahnya di HIS Semarang yang juga menantu Nitisemito.",20,dari,dari,ADP,R--,_,21,case,{'MorphInd': '^dari<r>_R--$'},Tidak Berimbuhan
train-s3021,"Pada tahun 2000 Garung Lor sudah menjadi mayoritas perkebunan salak pondoh, hingga kini kemajuan desanya sangat pesat dengan hasil pertanian salak pondoh terbaik se - Sukoharjo.",2,tahun,tahun,NOUN,NSD,{'Number': 'Sing'},7,obl,{'MorphInd': '^tahun<n>_NSD$'},Tidak Berimbuhan
train-s2853,Program pengobatan gratis yang dilaksanakan pemerintah sangat membantu masyaarakat dalam memperoleh pelayanan kesehatan.,13,kesehatan,kesehatan,NOUN,NSD,{'Number': 'Sing'},12,compound,"{'SpaceAfter': 'No', 'MorphInd': '^ke+sehat<n>+an_NSD$'}",Konfiks
train-s2129,Bahkan pada tahun 2003 ia juga sempat menjadi Guest VJ MTV dalam acara MTV Special Ramadhan di GlobalTV.,12,dalam,dalam,ADP,ASP,"{'Degree': 'Pos', 'Number': 'Sing'}",13,case,{'MorphInd': '^dalam<a>_ASP$'},Tidak Berimbuhan
train-s4262,"Usaha - usaha berdarah untuk meredam pergerakan kemerdekaan ini kemudian dikenal oleh orang Belanda sebagai 'aksi kepolisian' (Politionele Actie), atau dikenal oleh orang Indonesia sebagai Agresi Militer.",17,aksi,aksi,NOUN,NSD,{'Number': 'Sing'},11,obl,{'MorphInd': '^aksi<n>_NSD$'},Tidak Berimbuhan
train-s3255,"Bagaimana dengan kaum laki-laki, apakah kalian mau direndam dalam air yang kotor seperti itu?",14,seperti,seperti,ADP,R--,_,11,case,{'MorphInd': '^seperti<r>_R--$'},Tidak Berimbuhan
train-s2211,"Garis ini mengikuti nama biolog Alfred Russel Wallace yang, pada 1858, memperlihatkan bahwa persebaran flora fauna di Sumatera, Kalimantan, Jawa, dan Bali lebih mirip dengan yang ada di daratan Benua Asia. Paparan Sahul adalah lempeng bumi yang bergerak dari Kawasan Australesia (Benua Australia) dan berada di sisi timur Garis Weber.",1,Garis,garis,PROPN,NSD,{'Number': 'Sing'},3,nsubj,{'MorphInd': '^garis<n>_NSD$'},Tidak Berimbuhan
train-s2845,"Dokumen - dokumen yang diajukan Suzuki pada pertemuan yang sama menyarankan bahwa dalam usaha awal diplomatik dengan Uni Soviet, Jepang mengambil pendekatan sebagai berikut: Rusia harus diberi tahu dengan jelas bahwa kemenangannya atas Jerman adalah berkat Jepang, karena kita tetap netral, dan Soviet akan diuntungkan bila membantu Jepang mempertahankan posisinya di dunia internasional, karena musuh mereka di masa depan adalah Amerika Serikat.",44,netral,netral,ADJ,ASP,"{'Degree': 'Pos', 'Number': 'Sing'}",29,amod,"{'SpaceAfter': 'No', 'MorphInd': '^netral<a>_ASP$'}",Tidak Berimbuhan
train-s2396,"Ia berkata kepada Laban: ``Apakah kesalahanku, apakah dosaku, maka engkau memburu aku sehebat itu?",11,dosaku,dosa,NOUN,NSD+PS1,"{'Number': 'Sing', 'Number[psor]': 'Sing', 'Person[psor]': '1'}",10,conj,"{'SpaceAfter': 'No', 'MorphInd': '^dosa<n>_NSD+aku<p>_PS1$'}",Tidak Berimbuhan
train-s65,"Karangsari adalah kelurahan yang berada di kecamatan Neglasari, Kota Tangerang, Banten, Indonesia.",8,Neglasari,neglasari,PROPN,X--,_,7,flat,"{'SpaceAfter': 'No', 'MorphInd': '^neglasari<x>_X--$'}",Tidak Berimbuhan
train-s3654,"Akhirnya pada tanggal 3 Maret 2013 Pasangan Cagub - Cawagub nomor 4 Aher - Demiz ditetapkan menjadi pemenangan Pilgub Jabar dan akan memimpin Jabar selama periode 2013 - 2018, pasangan ini meraih 6.515. 313 suara atau sekitar 32 persen dari suara sah dari 26 Kabupaten / Kota di Jawa Barat.",50,di,di,ADP,R--,_,51,case,{'MorphInd': '^di<r>_R--$'},Tidak Berimbuhan
train-s3529,Pulau Bouvet ditemukan pada 1 Januari 1739 oleh Jean - Baptiste Charles Bouvet de Lozier yang memimpin kapal Perancis Aigle dan Marie.,2,Bouvet,bouvet,PROPN,X--,_,1,flat,{'MorphInd': '^bouvet<x>_X--$'},Tidak Berimbuhan
train-s2090,"Romulan adalah alien dalam dunia fiksional Star Trek. Romulan pertama kali muncul di seri - seri Star Trek episode ""Balance of Terror"".",24,Terror,terror,PROPN,X--,_,23,flat,"{'SpaceAfter': 'No', 'MorphInd': '^terror<x>_X--$'}",Tidak Berimbuhan
